"match_variant","date","map","playlist","place","game_id"
"Team Slayer","8/14/2008 4:08:20 PM","The Pit","Team Doubles","1st","683985904"
"1 Flag CTF","8/14/2008 3:55:13 PM","High Ground","Team Objective","2nd","683956409"
"Assault","8/14/2008 3:37:13 PM","Standoff","Team Objective","1st","683914775"
"Team Crazy King","8/14/2008 3:30:30 PM","Construct","Team Objective","2nd","683899590"
"Team Crazy King","8/14/2008 3:20:34 PM","Construct","Team Objective","2nd","683877186"
"Grifball","8/14/2008 3:04:58 PM","Foundry","Grifball","1st","683841071"
"Team BRs","8/14/2008 2:35:07 PM","Epitaph","Team Doubles","1st","683770675"
"Team Slayer","8/14/2008 2:25:59 PM","Construct","Team Doubles","1st","683749072"
"Team Oddball","8/14/2008 2:15:31 PM","Construct","Team Doubles","2nd","683724696"
"Team Slayer","8/14/2008 2:07:35 PM","Foundry","Team Doubles","1st","683705936"
"Team BRs","8/14/2008 1:48:48 PM","Snowbound","Team Slayer","1st","683661101"
"Team BRs","8/14/2008 1:40:08 PM","Last Resort","Team Slayer","2nd","683640327"
"Team BRs","8/14/2008 1:21:42 PM","Foundry","Team Slayer","2nd","683598076"
"Team Slayer","8/14/2008 1:08:04 PM","Guardian","Team Doubles","2nd","683567034"
"Team Slayer","8/14/2008 12:54:35 PM","Construct","Team Doubles","1st","683536156"
"Crazy King","8/14/2008 12:42:29 PM","Construct","Team Doubles","2nd","683508795"
"Team BRs","8/14/2008 12:34:20 PM","Construct","Team Doubles","1st","683491795"
"Team Slayer","8/14/2008 12:23:30 PM","Last Resort","Social Slayer","1st","683468298"
"Big Team Slayer","8/14/2008 7:45:29 AM","Standoff","Ranked Big Team","1st","683050711"
"Big Team Slayer","8/14/2008 7:34:10 AM","Valhalla","Ranked Big Team","1st","683040526"
"Big Team Slayer","8/14/2008 7:18:41 AM","Sandtrap","Ranked Big Team","1st","683028791"
"2 Flag Heavy","8/14/2008 6:59:04 AM","Valhalla","Ranked Big Team","1st","683013722"
"1 Flag CTF","8/14/2008 6:48:12 AM","Valhalla","Ranked Big Team","1st","683006010"
"Big Team Slayer","8/14/2008 6:31:21 AM","Last Resort","Ranked Big Team","1st","682995528"
"Swords","8/14/2008 5:24:51 AM","Narrows","Rumble Pit","1st","682993122"
"Big Team Slayer","8/14/2008 6:19:40 AM","Sandtrap","Ranked Big Team","1st","682988715"
"Big Team Slayer","8/14/2008 6:05:15 AM","Rat's Nest","Ranked Big Team","1st","682980640"
"Team Slayer","8/14/2008 5:45:07 AM","Construct","Social Slayer","1st","682970187"
"Team Snipers","8/13/2008 5:32:21 PM","Last Resort","Team Slayer","2nd","682018053"
"Rocket Race","8/13/2008 5:20:12 PM","Rat's Nest","Rocket Race","2nd","681989892"
"Team BRs","8/13/2008 5:14:14 PM","Guardian","Team Doubles","1st","681976316"
"Team BRs","8/13/2008 5:04:19 PM","Isolation","Team Doubles","1st","681955463"
"Team Oddball","8/13/2008 4:47:24 PM","Construct","Team Doubles","1st","681919479"
"Team Slayer","8/13/2008 4:38:45 PM","Narrows","Team Slayer","2nd","681900978"
"Team BRs","8/13/2008 4:26:12 PM","Construct","Team Slayer","2nd","681874090"
"Team BRs","8/13/2008 4:10:47 PM","Last Resort","Team Slayer","1st","681841952"
"Team Slayer","8/13/2008 3:56:36 PM","The Pit","Team Slayer","2nd","681810072"
"Team BRs","8/13/2008 3:44:33 PM","Snowbound","Team Slayer","1st","681783465"
"Team Snipers","8/13/2008 3:24:46 PM","Narrows","Team Slayer","2nd","681741222"
"Shotty Snipers","8/13/2008 3:13:00 PM","Narrows","Social Slayer","2nd","681715271"
"Team Slayer","8/13/2008 3:00:12 PM","High Ground","Multi Team","2nd","681686517"
"Big Team Slayer","8/13/2008 6:35:50 AM","Valhalla","Ranked Big Team","1st","680864163"
"Team Slayer","8/13/2008 6:22:27 AM","Guardian","Team Slayer","2nd","680856179"
"Team BRs","8/13/2008 6:06:05 AM","Narrows","Team Slayer","1st","680846790"
"Team Slayer","8/13/2008 5:51:51 AM","Foundry","Team Slayer","1st","680839137"
"Team BRs","8/13/2008 5:38:21 AM","Snowbound","Team Slayer","1st","680832423"
"Team BRs","8/13/2008 5:27:18 AM","Snowbound","Team Slayer","1st","680827190"
"Shotty Snipers","8/13/2008 5:13:53 AM","The Pit","Social Slayer","1st","680821274"
"Slayer","8/13/2008 4:57:14 AM","Guardian","Rumble Pit","3rd","680813648"
"Hammerzeit","8/13/2008 4:45:20 AM","Narrows","Rumble Pit","4th","680808502"
"Team BRs","8/12/2008 5:53:09 PM","Foundry","Team Doubles","1st","679924872"
"Slayer BRs","8/12/2008 5:40:30 PM","The Pit","Lone Wolves","4th","679895763"
"Shotty Snipers","8/12/2008 5:27:38 PM","Valhalla","Team Slayer","2nd","679867579"
"Team BRs","8/12/2008 5:18:01 PM","High Ground","Team Slayer","2nd","679846585"
"Team BRs","8/12/2008 5:15:52 PM","Guardian","Team Slayer","2nd","679841089"
"Team Slayer","8/12/2008 4:57:16 PM","High Ground","Team Slayer","1st","679801042"
"Team BRs","8/12/2008 4:44:04 PM","Narrows","Team Slayer","2nd","679770822"
"Team BRs","8/12/2008 4:35:09 PM","Foundry","Team Slayer","1st","679752011"
"Slayer BRs","8/12/2008 4:18:43 PM","Guardian","Lone Wolves","1st","679738884"
"Slayer","8/12/2008 4:06:02 PM","Foundry","Lone Wolves","1st","679688468"
"Slayer","8/12/2008 3:54:07 PM","High Ground","Lone Wolves","6th","679662607"
"Oddball","8/12/2008 3:41:43 PM","Guardian","Lone Wolves","6th","679634180"
"Slayer","8/12/2008 3:34:00 PM","The Pit","Rumble Pit","2nd","679617244"
"Oddball","8/12/2008 3:19:08 PM","Guardian","Rumble Pit","2nd","679584114"
"Team Slayer","8/12/2008 12:38:42 PM","Standoff","Team Slayer","1st","679253445"
"Slayer","8/12/2008 12:15:13 PM","Epitaph","Rumble Pit","1st","679173389"
"Hammerzeit","8/12/2008 11:46:59 AM","The Pit","Rumble Pit","3rd","679124115"
"Team BRs","8/12/2008 10:24:07 AM","Valhalla","Team Slayer","2nd","678975571"
"Team BRs","8/12/2008 10:10:00 AM","Standoff","Social Slayer","1st","678953093"
"Team Slayer","8/12/2008 6:02:18 AM","Valhalla","Social Slayer","2nd","678698308"
"Team Slayer","8/12/2008 5:48:42 AM","Narrows","Social Slayer","1st","678690873"
"Shotty Snipers","8/12/2008 4:35:08 AM","High Ground","Social Slayer","1st","678656958"
"Team Slayer","8/12/2008 4:16:06 AM","Rat's Nest","Social Slayer","1st","678648786"
"Shotty Snipers","8/11/2008 1:53:12 PM","Standoff","Social Slayer","1st","677212653"
"Team Snipers","8/11/2008 1:39:34 PM","Standoff","Social Slayer","1st","677180587"
"Team Snipers","8/11/2008 1:23:23 PM","Valhalla","Social Slayer","2nd","677142952"
"Slayer","8/11/2008 1:11:30 PM","Epitaph","Rumble Pit","1st","677115133"
"Team Slayer","8/9/2008 3:36:46 PM","Narrows","Team Doubles","1st","673103749"
"Team Slayer","8/9/2008 3:26:01 PM","The Pit","Team Doubles","1st","673081556"
"Team Slayer","8/9/2008 3:17:40 PM","Guardian","Team Doubles","1st","673063915"
"Team BRs","8/9/2008 3:05:00 PM","Foundry","Team Slayer","2nd","673037456"
"Team BRs","8/9/2008 2:55:07 PM","Standoff","Team Slayer","2nd","673015398"
"Shotty Snipers","8/9/2008 2:42:04 PM","Last Resort","Social Slayer","1st","672988349"
"Team Slayer","8/9/2008 2:26:02 PM","Valhalla","Social Slayer","1st","672954606"
"Team Slayer","8/9/2008 2:09:58 PM","Valhalla","Social Slayer","2nd","672920907"
"Team Slayer","8/9/2008 1:56:06 PM","The Pit","Multi Team","2nd","672891865"
"Team Slayer","8/9/2008 1:42:26 PM","Guardian","Multi Team","2nd","672862621"
"Team Slayer","8/9/2008 1:31:17 PM","Narrows","Multi Team","4th","672839884"
"Shotty Snipers","8/9/2008 1:15:56 PM","The Pit","Social Slayer","2nd","672807974"
"Big Team Slayer","8/6/2008 3:01:46 PM","Valhalla","Ranked Big Team","2nd","666357854"
"Shotty Snipers","8/6/2008 2:40:19 PM","High Ground","Team Slayer","1st","666307744"
"Team BRs","8/6/2008 2:26:46 PM","High Ground","Team Slayer","1st","666276540"
"Team Oddball","8/6/2008 2:15:16 PM","Guardian","Multi Team","2nd","666249092"
"Team Snipers","8/6/2008 2:02:55 PM","Last Resort","Social Slayer","1st","666219912"
"Team Slayer","8/6/2008 1:46:40 PM","Valhalla","Social Slayer","1st","666182874"
"Team BRs","8/5/2008 12:00:44 PM","Valhalla","Social Slayer","2nd","663699630"
"Slayer","8/5/2008 11:49:26 AM","Snowbound","Rumble Pit","3rd","663675001"
"Oddball","8/5/2008 11:38:13 AM","Foundry","Rumble Pit","3rd","663652973"
"Slayer","8/4/2008 9:25:52 AM","The Pit","Rumble Pit","1st","661157268"
"Slayer","8/4/2008 8:49:06 AM","Snowbound","Rumble Pit","2nd","661190935"
"Swords","8/4/2008 9:15:41 AM","Snowbound","Rumble Pit","5th","661143480"
"Swords","8/4/2008 9:09:24 AM","Foundry","Rumble Pit","1st","661135432"
"Juggernaut","8/4/2008 8:41:44 AM","Narrows","Rumble Pit","1st","661100911"
"Rocket Race","8/3/2008 7:43:09 AM","Rat's Nest","Rocket Race","1st","658908347"
"Slayer","8/3/2008 7:37:59 AM","Construct","Rumble Pit","2nd","658904413"
"Hammerzeit","8/3/2008 7:27:47 AM","The Pit","Rumble Pit","4th","658896428"
"1 Flag CTF","8/2/2008 5:01:42 PM","High Ground","Team Objective","1st","657749058"
"VIP","8/2/2008 4:35:45 PM","High Ground","Multi Team","3rd","657696860"
"Team Swords","8/2/2008 4:24:47 PM","Snowbound","Multi Team","2nd","657674313"
"Team Slayer","8/2/2008 4:18:20 PM","Last Resort","Team Slayer","2nd","657660728"
"Team Slayer","8/2/2008 4:02:19 PM","The Pit","Team Slayer","2nd","657628971"
"Team BRs","8/2/2008 3:50:30 PM","Last Resort","Team Slayer","1st","657604513"
"Team BRs","8/2/2008 3:35:40 PM","Narrows","Team Slayer","1st","657574374"
"Team Slayer","8/2/2008 3:25:44 PM","Snowbound","Team Slayer","2nd","657553541"
"Team BRs","8/2/2008 3:10:31 PM","Snowbound","Team Slayer","1st","657522051"
"Team Slayer","8/2/2008 2:56:21 PM","The Pit","Team Slayer","1st","657492670"
"Team Slayer","8/2/2008 2:44:29 PM","Standoff","Team Slayer","2nd","657467528"
"Team BRs","8/2/2008 2:27:37 PM","Isolation","Team Slayer","2nd","657431875"
"Team BRs","8/2/2008 2:13:47 PM","Narrows","Team Slayer","2nd","657404269"
"Team Slayer","8/2/2008 2:04:24 PM","The Pit","Team Slayer","2nd","657383883"
"Team Slayer","8/2/2008 1:55:23 PM","High Ground","Team Slayer","2nd","657365767"
"Team Slayer","8/2/2008 12:48:02 PM","Foundry","Team Slayer","2nd","657230588"
"Team BRs","8/2/2008 12:38:46 PM","Last Resort","Team Slayer","1st","657212489"
"Team BRs","8/2/2008 12:25:07 PM","Narrows","Team Slayer","1st","657186218"
"Team Slayer","8/2/2008 12:10:58 PM","The Pit","Team Doubles","1st","657160505"
"Team Slayer","8/2/2008 12:00:27 PM","Guardian","Team Slayer","2nd","657139485"
"Team Slayer","8/2/2008 11:52:52 AM","The Pit","Team Slayer","2nd","657125165"
"Slayer","8/2/2008 11:38:14 AM","Isolation","Lone Wolves","1st","657098796"
"Slayer","8/2/2008 11:25:50 AM","High Ground","Lone Wolves","2nd","657076551"
"Slayer","8/2/2008 11:15:01 AM","Isolation","Lone Wolves","2nd","657058108"
"Slayer BRs","8/2/2008 11:02:36 AM","Construct","Lone Wolves","2nd","657037556"
"Crazy King","8/2/2008 10:55:03 AM","Snowbound","Lone Wolves","6th","657024571"
"Slayer BRs","8/2/2008 10:47:28 AM","Narrows","Lone Wolves","4th","657012317"
"Crazy King","8/2/2008 10:34:54 AM","Foundry","Lone Wolves","6th","656992418"
"Slayer","8/2/2008 10:26:07 AM","Isolation","Rumble Pit","2nd","656978457"
"Team Slayer","8/2/2008 10:05:10 AM","Snowbound","Social Slayer","2nd","656946827"
"Shotty Snipers","8/2/2008 9:54:52 AM","Standoff","Social Slayer","2nd","656932561"
"Land Grab","8/2/2008 9:32:00 AM","Snowbound","Social Skirmish","2nd","656900984"
"Land Grab","8/2/2008 9:23:39 AM","Isolation","Social Skirmish","2nd","656889994"
"Shotty Snipers","8/2/2008 9:16:45 AM","The Pit","Social Slayer","2nd","656881242"
"Team Slayer","8/2/2008 9:04:02 AM","Standoff","Social Slayer","1st","656864899"
"Territories","8/2/2008 8:52:35 AM","Last Resort","Big Team Social","2nd","656851479"
"Slayer","8/2/2008 5:26:39 AM","The Pit","Rumble Pit","1st","656692684"
"Hammerzeit","8/2/2008 5:11:41 AM","The Pit","Rumble Pit","2nd","656685176"
"Slayer","8/2/2008 5:06:04 AM","Epitaph","Rumble Pit","6th","656682316"
"Slayer","8/2/2008 4:54:14 AM","Construct","Rumble Pit","2nd","656676759"
"Rocket Race","8/1/2008 5:23:55 PM","Sandtrap","Rocket Race","1st","655606967"
"Team Slayer","8/1/2008 5:12:14 PM","Construct","Multi Team","4th","655582805"
"Swords","8/1/2008 4:58:10 PM","Construct","Rumble Pit","1st","655553457"
"Team BRs","8/1/2008 4:47:15 PM","Valhalla","Team Slayer","2nd","655530326"
"Big Team Slayer","8/1/2008 4:32:00 PM","Standoff","Ranked Big Team","1st","655498092"
"Team Duals","8/1/2008 4:16:15 PM","Snowbound","Social Slayer","1st","655464717"
"Team Slayer","8/1/2008 4:07:05 PM","Valhalla","Team Slayer","1st","655444212"
"Team BRs","8/1/2008 3:52:11 PM","High Ground","Team Slayer","2nd","655412652"
"Team BRs","8/1/2008 3:37:50 PM","Standoff","Team Slayer","2nd","655381410"
"Team Slayer","8/1/2008 3:25:41 PM","High Ground","Team Slayer","2nd","655355331"
"Team BRs","8/1/2008 3:13:39 PM","Construct","Team Slayer","2nd","655328661"
"Team Slayer","8/1/2008 2:54:15 PM","Snowbound","Team Slayer","2nd","655286471"
"Team Slayer","8/1/2008 2:41:45 PM","Narrows","Team Slayer","1st","655259450"
"Team BRs","8/1/2008 2:26:26 PM","The Pit","Team Slayer","2nd","655224578"
"Team Snipers","8/1/2008 2:11:30 PM","Narrows","Team Slayer","2nd","655190860"
"Multi Flag CTF","8/1/2008 2:00:11 PM","Standoff","Team Objective","2nd","655165617"
"Multi Flag BRs","8/1/2008 1:42:24 PM","The Pit","Team Objective","2nd","655124535"
"VIP","8/1/2008 1:21:56 PM","Isolation","Multi Team","1st","655079545"
"Team Slayer","8/1/2008 1:10:39 PM","High Ground","Multi Team","1st","655054236"
"Team Oddball","8/1/2008 12:56:12 PM","The Pit","Multi Team","4th","655023384"
"Team BRs","8/1/2008 11:06:01 AM","Standoff","Team Slayer","2nd","654918718"
"Shotty Snipers","8/1/2008 11:00:42 AM","Last Resort","Social Slayer","1st","654792837"
"Team Duals","8/1/2008 10:47:51 AM","Snowbound","Social Slayer","2nd","654770528"
"Big Team Slayer","8/1/2008 7:36:42 AM","Last Resort","Ranked Big Team","1st","654517560"
"2 Flag Heavy","8/1/2008 7:24:27 AM","Valhalla","Ranked Big Team","1st","654507110"
"Big Team Slayer","8/1/2008 7:10:07 AM","Last Resort","Ranked Big Team","1st","654550694"
"Slayer BRs","8/1/2008 6:49:26 AM","Guardian","Lone Wolves","4th","654480465"
"Oddball","8/1/2008 6:28:18 AM","Guardian","Lone Wolves","5th","654466093"
"Slayer BRs","8/1/2008 6:24:05 AM","Narrows","Lone Wolves","4th","654463345"
"Mosh Pit","8/1/2008 6:12:49 AM","Guardian","Rumble Pit","4th","654456622"
"Slayer","8/1/2008 6:07:17 AM","Isolation","Rumble Pit","2nd","654452978"
"Hammerzeit","8/1/2008 5:48:35 AM","Narrows","Rumble Pit","4th","654442369"
"Multi Flag CTF","8/1/2008 5:41:02 AM","Valhalla","Big Team Social","2nd","654438095"
"Multi Flag BRs","7/31/2008 10:11:04 AM","Narrows","Team Objective","2nd","652390197"
"Multi Flag CTF","7/31/2008 9:59:43 AM","Standoff","Team Objective","1st","652372170"
"Big Team Slayer","7/31/2008 9:48:10 AM","Sandtrap","Ranked Big Team","1st","652354835"
"Big Team Slayer","7/31/2008 9:30:53 AM","Sandtrap","Ranked Big Team","2nd","652328763"
"Team Slayer","7/31/2008 9:11:18 AM","The Pit","Social Slayer","1st","652301946"
"Slayer","7/31/2008 9:00:14 AM","Epitaph","Rumble Pit","1st","652373659"
"Rocket Race","7/28/2008 5:56:36 PM","Valhalla","Rocket Race","4th","646527500"
"Rocket Race","7/28/2008 5:51:58 PM","Standoff","Rocket Race","2nd","646515913"
"Team Slayer","7/28/2008 5:30:43 PM","The Pit","Team Slayer","1st","646467892"
"Team BRs","7/28/2008 5:18:03 PM","High Ground","Team Slayer","1st","646434415"
"Team BRs","7/28/2008 5:03:04 PM","High Ground","Team Slayer","1st","646414939"
"Team Slayer","7/28/2008 4:55:14 PM","Isolation","Team Slayer","2nd","646388034"
"Team Slayer","7/28/2008 4:31:44 PM","Last Resort","Team Slayer","2nd","646356940"
"Team Slayer","7/28/2008 4:17:57 PM","Guardian","Team Slayer","2nd","646304970"
"Team Slayer","7/28/2008 4:06:14 PM","Last Resort","Team Slayer","1st","646392234"
"Team BRs","7/28/2008 4:01:53 PM","High Ground","Team Slayer","1st","646275530"
"Team Slayer","7/28/2008 3:48:24 PM","The Pit","Team Slayer","2nd","646242594"
"Team BRs","7/28/2008 3:38:52 PM","Standoff","Team Slayer","2nd","646226282"
"Team Slayer","7/28/2008 3:25:17 PM","Valhalla","Social Slayer","2nd","646189426"
"Team Slayer","7/28/2008 3:09:25 PM","Construct","Team Slayer","2nd","646179058"
"Slayer","7/28/2008 2:57:43 PM","The Pit","Lone Wolves","5th","646139905"
"Crazy King","7/28/2008 2:47:35 PM","Isolation","Lone Wolves","5th","646109593"
"Slayer","7/28/2008 2:39:19 PM","Guardian","Lone Wolves","4th","646082193"
"Slayer BRs","7/28/2008 2:27:53 PM","The Pit","Lone Wolves","1st","646053774"
"Slayer","7/28/2008 2:15:36 PM","Guardian","Lone Wolves","4th","646027406"
"Slayer BRs","7/28/2008 2:03:31 PM","The Pit","Lone Wolves","1st","646003889"
"Slayer","7/28/2008 1:51:56 PM","Epitaph","Lone Wolves","4th","645969256"
"Slayer BRs","7/28/2008 1:43:34 PM","Foundry","Lone Wolves","2nd","645939169"
"Slayer","7/28/2008 1:34:48 PM","High Ground","Lone Wolves","3rd","645919340"
"Oddball","7/28/2008 1:23:03 PM","Foundry","Lone Wolves","6th","645907687"
"Slayer","7/28/2008 1:16:16 PM","Foundry","Lone Wolves","5th","645888372"
"Slayer","7/28/2008 1:05:27 PM","The Pit","Rumble Pit","2nd","645858536"
"Slayer","7/28/2008 12:50:57 PM","Isolation","Rumble Pit","5th","645823986"
"Slayer","7/28/2008 11:04:16 AM","Epitaph","Rumble Pit","2nd","645602045"
"Slayer","7/28/2008 10:54:59 AM","The Pit","Rumble Pit","4th","645585196"
"1 Flag CTF","7/27/2008 4:22:06 AM","Rat's Nest","Ranked Big Team","1st","643028929"
"Team BRs","7/27/2008 4:06:33 AM","Guardian","Social Slayer","1st","643021964"
"Swords","7/27/2008 3:59:47 AM","Construct","Rumble Pit","6th","643018281"
"Slayer","7/27/2008 3:49:30 AM","Epitaph","Rumble Pit","2nd","643013178"
"Team BRs","7/26/2008 4:36:55 PM","The Pit","Team Slayer","1st","641918707"
"Team Slayer","7/26/2008 4:26:20 PM","The Pit","Team Slayer","2nd","641896602"
"Team BRs","7/26/2008 4:14:38 PM","Last Resort","Team Slayer","1st","641873731"
"Team BRs","7/26/2008 4:00:56 PM","Construct","Team Slayer","2nd","641844761"
"Team Slayer","7/26/2008 3:51:27 PM","Construct","Team Slayer","1st","641825416"
"Team BRs","7/26/2008 3:38:00 PM","Narrows","Team Slayer","1st","641798425"
"Team Slayer","7/26/2008 3:28:20 PM","Guardian","Team Slayer","1st","641777867"
"Team Slayer","7/26/2008 3:20:10 PM","Snowbound","Team Slayer","1st","641761063"
"Team BRs","7/26/2008 3:08:41 PM","Isolation","Team Slayer","2nd","641737812"
"Team BRs","7/26/2008 2:58:08 PM","Standoff","Team Slayer","2nd","641716203"
"Team Snipers","7/26/2008 2:44:08 PM","Valhalla","Team Slayer","2nd","641687033"
"Multi Flag CTF","7/26/2008 2:31:37 PM","Rat's Nest","Ranked Big Team","1st","641660758"
"Shotty Snipers","7/26/2008 2:18:41 PM","Standoff","Social Slayer","1st","641633780"
"Team BRs","7/26/2008 2:07:10 PM","High Ground","Social Slayer","1st","641609887"
"Team Slayer","7/26/2008 10:06:44 AM","Rat's Nest","Social Slayer","1st","641173559"
"Slayer","7/26/2008 9:45:59 AM","Guardian","Rumble Pit","1st","641144446"
"Team BRs","7/25/2008 9:34:05 AM","The Pit","Team Slayer","1st","638845339"
"VIP","7/25/2008 9:22:38 AM","Foundry","Multi Team","3rd","638829787"
"Team Slayer","7/25/2008 7:52:11 AM","Construct","Team Slayer","2nd","638725397"
"Team BRs","7/25/2008 7:40:51 AM","Narrows","Team Slayer","2nd","638715364"
"Team Snipers","7/25/2008 7:19:45 AM","Narrows","Team Slayer","1st","638698802"
"Team Slayer","7/25/2008 7:07:12 AM","Isolation","Team Slayer","1st","638687386"
"Team BRs","7/25/2008 6:56:47 AM","Narrows","Team Slayer","2nd","638679661"
"Team BRs","7/25/2008 6:46:35 AM","Standoff","Team Slayer","2nd","638673125"
"Team BRs","7/25/2008 6:31:03 AM","High Ground","Team Slayer","2nd","638662659"
"Team BRs","7/25/2008 6:17:33 AM","High Ground","Team Slayer","2nd","638654273"
"Big Team Slayer","7/25/2008 6:01:56 AM","Valhalla","Ranked Big Team","2nd","638645353"
"Slayer","7/25/2008 5:34:22 AM","Construct","Lone Wolves","1st","638630687"
"One Bomb","7/25/2008 5:23:52 AM","Valhalla","Ranked Big Team","1st","638625197"
"Big Team Slayer","7/25/2008 5:06:23 AM","Rat's Nest","Big Team Social","1st","638616643"
"Oddball","7/25/2008 4:43:54 AM","Foundry","Rumble Pit","6th","638606342"
"Juggernaut","7/25/2008 4:32:47 AM","The Pit","Rumble Pit","2nd","638600851"
"Slayer","7/25/2008 4:15:28 AM","Epitaph","Rumble Pit","2nd","638592790"
"Slayer","7/25/2008 4:04:43 AM","Construct","Rumble Pit","1st","638587533"
"Swords","7/25/2008 3:50:41 AM","Epitaph","Rumble Pit","2nd","638580797"
"Shotty Snipers","7/24/2008 1:09:43 PM","Valhalla","Team Slayer","1st","636914711"
"Team Slayer","7/24/2008 12:55:29 PM","Last Resort","Team Slayer","2nd","636881948"
"Team Slayer","7/24/2008 12:40:10 PM","High Ground","Team Slayer","1st","636846778"
"One Bomb","7/24/2008 12:29:34 PM","Narrows","Team Objective","1st","636823249"
"Big Team Slayer","7/24/2008 12:16:57 PM","Valhalla","Ranked Big Team","2nd","636794154"
"VIP","7/24/2008 12:03:59 PM","Narrows","Multi Team","1st","636767207"
"Team Oddball","7/24/2008 11:54:44 AM","The Pit","Multi Team","4th","636746971"
"Team BRs","7/24/2008 10:55:25 AM","Foundry","Team Slayer","2nd","636631862"
"Team Slayer","7/24/2008 10:45:02 AM","Construct","Team Slayer","2nd","636613259"
"Team BRs","7/24/2008 10:35:18 AM","The Pit","Team Slayer","2nd","636596473"
"Team Slayer","7/24/2008 10:22:08 AM","The Pit","Team Slayer","2nd","636573958"
"Team Slayer","7/24/2008 10:07:56 AM","The Pit","Social Slayer","1st","636551029"
"Team Slayer","7/24/2008 9:58:01 AM","High Ground","Social Slayer","1st","636535471"
"Team Slayer","7/24/2008 9:44:51 AM","Last Resort","Multi Team","1st","636515213"
"Team Swords","7/24/2008 9:29:27 AM","The Pit","Multi Team","1st","636493392"
"Team Slayer","7/24/2008 9:21:17 AM","Last Resort","Multi Team","2nd","636482513"
"Team Slayer","7/24/2008 9:00:34 AM","Standoff","Multi Team","2nd","636455545"
"Team Swords","7/24/2008 8:46:18 AM","Narrows","Multi Team","1st","636438375"
"Oddball","7/24/2008 8:30:39 AM","Guardian","Rumble Pit","6th","636420482"
"Slayer BRs","7/24/2008 8:25:08 AM","The Pit","Lone Wolves","1st","636414265"
"Slayer","7/24/2008 8:13:49 AM","Guardian","Rumble Pit","4th","636402574"
"Ninjaball","7/24/2008 8:04:19 AM","Snowbound","Rumble Pit","1st","636393151"
"Slayer","7/24/2008 7:55:26 AM","Isolation","Rumble Pit","1st","636384710"
"Slayer","7/24/2008 7:42:26 AM","Foundry","Rumble Pit","4th","636373002"
"Swords","7/24/2008 7:32:08 AM","Epitaph","Rumble Pit","1st","636364807"
"Slayer","7/21/2008 2:31:06 PM","The Pit","Rumble Pit","3rd","630344619"
"Hammerzeit","7/21/2008 2:17:16 PM","Snowbound","Rumble Pit","1st","630312312"
"Slayer","7/21/2008 2:10:18 PM","Foundry","Rumble Pit","3rd","630292911"
"Team Slayer","7/20/2008 1:27:59 PM","Narrows","Multi Team","3rd","627945392"
"Team Crazy King","7/20/2008 1:12:06 PM","Foundry","Multi Team","4th","627908417"
"Slayer","7/20/2008 1:01:29 PM","Snowbound","Rumble Pit","1st","627885341"
"Grifball","7/20/2008 12:51:56 PM","Foundry","Grifball","1st","627865015"
"Slayer","7/19/2008 7:28:17 AM","Narrows","Rumble Pit","2nd","625159157"
"Slayer","7/19/2008 7:12:21 AM","Narrows","Rumble Pit","2nd","625145844"
"Grifball","7/18/2008 5:28:28 PM","Foundry","Grifball","2nd","623950298"
"Grifball","7/18/2008 5:20:02 PM","Foundry","Grifball","2nd","623932528"
"Team BRs","7/18/2008 5:10:45 PM","Snowbound","Social Slayer","1st","623912738"
"Team Crazy King","7/18/2008 4:55:12 PM","Guardian","Multi Team","4th","623879136"
"Team Crazy King","7/18/2008 4:38:47 PM","Snowbound","Multi Team","3rd","623843268"
"Team Slayer","7/18/2008 4:26:17 PM","The Pit","Multi Team","1st","623814880"
"Team Slayer","7/18/2008 4:14:50 PM","Isolation","Multi Team","1st","623790384"
"Slayer","7/18/2008 3:59:55 PM","The Pit","Rumble Pit","1st","623757114"
"Slayer","7/18/2008 3:46:18 PM","Guardian","Rumble Pit","3rd","623726825"
"Swords","7/18/2008 8:05:11 AM","Narrows","Rumble Pit","3rd","622819309"
"Rocket Race","7/13/2008 2:35:51 PM","Standoff","Rocket Race","3rd","612449453"
"Slayer","7/13/2008 2:28:49 PM","Snowbound","Rumble Pit","1st","612434132"
"Team Slayer","7/11/2008 7:18:31 PM","High Ground","Multi Team","2nd","608644690"
"Rocket Race","7/11/2008 7:03:16 PM","Rat's Nest","Rocket Race","2nd","608610735"
"Team Slayer","7/11/2008 6:56:40 PM","Isolation","Social Slayer","1st","608595204"
"Team BRs","7/11/2008 6:46:10 PM","Last Resort","Social Slayer","1st","608572991"
"Hammerzeit","7/11/2008 6:33:58 PM","Narrows","Rumble Pit","2nd","608546782"
"Slayer","7/11/2008 6:24:22 PM","Snowbound","Rumble Pit","1st","608525408"
"Team BRs","7/11/2008 3:46:59 PM","Epitaph","Team Doubles","1st","608188135"
"Team Snipers","7/11/2008 3:33:50 PM","Construct","Team Doubles","2nd","608158373"
"Team Slayer","7/11/2008 3:20:32 PM","Epitaph","Team Doubles","1st","608129637"
"Team Slayer","7/11/2008 3:06:14 PM","The Pit","Team Doubles","1st","608097207"
"Team Slayer","7/11/2008 2:54:17 PM","Construct","Team Doubles","1st","608068901"
"Slayer","7/11/2008 2:41:40 PM","Epitaph","Rumble Pit","1st","608039638"
"Team BRs","7/11/2008 11:31:22 AM","Narrows","Team Slayer","1st","607623053"
"Team Slayer","7/11/2008 11:20:11 AM","High Ground","Team Slayer","1st","607600618"
"1 Flag CTF","7/11/2008 11:06:52 AM","Valhalla","Ranked Big Team","1st","607575464"
"Team Slayer","7/11/2008 10:48:34 AM","Narrows","Multi Team","1st","607541578"
"Slayer","7/11/2008 10:34:29 AM","Guardian","Rumble Pit","1st","607516195"
"Slayer","7/11/2008 10:09:18 AM","The Pit","Rumble Pit","1st","607474869"
"Crazy King","7/11/2008 8:02:10 AM","Guardian","Lone Wolves","5th","607307487"
"Slayer","7/11/2008 7:50:30 AM","High Ground","Lone Wolves","1st","607296555"
"Slayer BRs","7/11/2008 7:38:42 AM","Construct","Lone Wolves","2nd","607286208"
"Oddball","7/11/2008 7:27:49 AM","Guardian","Lone Wolves","4th","607277040"
"Swords","7/11/2008 7:15:59 AM","Epitaph","Lone Wolves","3rd","607268234"
"Slayer BRs","7/11/2008 7:01:59 AM","Snowbound","Lone Wolves","3rd","607258725"
"Crazy King","7/11/2008 6:49:46 AM","Epitaph","Lone Wolves","6th","607250794"
"Slayer","7/11/2008 6:43:14 AM","Snowbound","Lone Wolves","2nd","607246587"
"Slayer","7/11/2008 6:33:50 AM","Isolation","Rumble Pit","1st","607241171"
"Crazy King","7/11/2008 6:24:56 AM","Guardian","Rumble Pit","4th","607236112"
"Oddball","7/11/2008 6:16:39 AM","Snowbound","Rumble Pit","4th","607231782"
"Juggernaut","7/11/2008 6:12:56 AM","Epitaph","Rumble Pit","1st","607229770"
"Crazy King","7/11/2008 6:07:32 AM","The Pit","Rumble Pit","4th","607227217"
"Slayer","7/11/2008 5:55:46 AM","Snowbound","Rumble Pit","2nd","607221190"
"Team Slayer","7/10/2008 3:43:56 PM","High Ground","Multi Team","1st","605899039"
"Team Oddball","7/10/2008 3:26:00 PM","Isolation","Multi Team","1st","605857267"
"Team Hammers","7/10/2008 3:16:24 PM","Narrows","Multi Team","1st","605835805"
"Team Swords","7/10/2008 3:08:03 PM","Foundry","Multi Team","1st","605816942"
"Crazy King","7/10/2008 3:01:02 PM","Guardian","Rumble Pit","6th","605800893"
"Slayer","7/10/2008 2:51:57 PM","Foundry","Rumble Pit","1st","605779229"
"Rocket Race","7/10/2008 2:42:38 PM","Sandtrap","Rocket Race","1st","605757775"
"2 Flag Heavy","7/10/2008 2:35:05 PM","Standoff","Ranked Big Team","2nd","605740041"
"Team Slayer","7/10/2008 2:20:07 PM","Snowbound","Team Slayer","2nd","605704968"
"Multi Flag CTF","7/10/2008 2:10:19 PM","Narrows","Team Objective","2nd","605681047"
"Team Slayer","7/10/2008 1:59:01 PM","Last Resort","Team Slayer","2nd","605655460"
"Team Slayer","7/10/2008 1:40:03 PM","Snowbound","Team Slayer","1st","605610587"
"Team Slayer","7/10/2008 1:27:31 PM","Standoff","Team Slayer","2nd","605581231"
"Team Slayer","7/10/2008 1:10:34 PM","Guardian","Team Slayer","2nd","605542302"
"Team Snipers","7/10/2008 12:53:11 PM","The Pit","Team Doubles","2nd","605502484"
"Team Slayer","7/10/2008 12:38:55 PM","Construct","Multi Team","2nd","605469868"
"Team Oddball","7/10/2008 12:25:50 PM","Narrows","Multi Team","3rd","605441059"
"Team Slayer","7/10/2008 12:16:15 PM","Construct","Multi Team","2nd","605419962"
"Slayer","7/10/2008 10:24:33 AM","Guardian","Rumble Pit","2nd","605206134"
"Big Team Slayer","7/10/2008 10:09:58 AM","Rat's Nest","Ranked Big Team","1st","605181954"
"Big Team Slayer","7/10/2008 9:55:45 AM","Last Resort","Ranked Big Team","2nd","605160905"
"Team Slayer","7/10/2008 9:43:40 AM","Construct","Multi Team","1st","605143056"
"Team Slayer","7/10/2008 9:32:54 AM","Epitaph","Multi Team","2nd","605127639"
"Team Crazy King","7/10/2008 9:22:39 AM","Epitaph","Multi Team","3rd","605112986"
"2 Flag Heavy","7/9/2008 10:20:07 AM","Valhalla","Ranked Big Team","2nd","602953891"
"Slayer BRs","7/9/2008 10:06:33 AM","Guardian","Lone Wolves","4th","602930784"
"Slayer","7/9/2008 9:57:13 AM","Construct","Lone Wolves","3rd","602915974"
"One Bomb","7/9/2008 9:45:51 AM","Standoff","Ranked Big Team","1st","602898310"
"Crazy King","7/9/2008 9:28:20 AM","Guardian","Rumble Pit","5th","602871870"
"Multi Flag CTF","7/9/2008 9:20:24 AM","Standoff","Big Team Social","2nd","602860269"
"VIP","7/8/2008 11:31:19 AM","Rat's Nest","Big Team Social","2nd","600753626"
"Multi Flag CTF","7/8/2008 11:20:58 AM","Standoff","Big Team Social","2nd","600731557"
"Territories","7/8/2008 11:04:59 AM","Last Resort","Big Team Social","2nd","600699401"
"Slayer","7/8/2008 10:44:36 AM","Narrows","Rumble Pit","1st","600659400"
"Slayer","7/7/2008 5:12:54 AM","The Pit","Rumble Pit","2nd","597822438"
"Team BRs","7/4/2008 2:33:26 PM","Snowbound","Team Slayer","2nd","592893393"
"Team BRs","7/4/2008 2:21:14 PM","Last Resort","Social Slayer","1st","592873352"
"Team Rockets","7/4/2008 2:07:15 PM","Isolation","Social Slayer","1st","592850565"
"Shotty Snipers","7/4/2008 1:21:32 PM","The Pit","Team Slayer","1st","592775164"
"Slayer BRs","7/4/2008 1:07:00 PM","Snowbound","Lone Wolves","3rd","592753462"
"Multi Flag CTF","7/4/2008 12:55:52 PM","Rat's Nest","Ranked Big Team","1st","592732510"
"1 Flag CTF","7/4/2008 12:44:03 PM","Last Resort","Ranked Big Team","1st","592712968"
"Slayer","7/4/2008 12:24:31 PM","Snowbound","Rumble Pit","1st","592681628"
"Oddball","7/4/2008 12:10:24 PM","Epitaph","Rumble Pit","5th","592659373"
"Slayer","7/4/2008 8:25:00 AM","Epitaph","Rumble Pit","4th","592380551"
"Slayer","7/4/2008 8:14:42 AM","Narrows","Rumble Pit","3rd","592371390"
"Slayer","7/4/2008 8:04:26 AM","Construct","Rumble Pit","6th","592362113"
"Big Team Slayer","7/4/2008 5:15:42 AM","Sandtrap","Big Team Social","1st","592269916"
"MLG Team Slayer","7/3/2008 12:30:37 PM","Narrows","MLG","1st","590745030"
"Big Team Slayer","7/3/2008 12:19:54 PM","Sandtrap","Big Team Social","1st","590724073"
"Big Team Slayer","7/3/2008 7:56:15 AM","Valhalla","Big Team Social","1st","590344605"
"Multi Flag CTF","7/3/2008 7:28:43 AM","Rat's Nest","Big Team Social","1st","590323392"
"Juggernaut","7/3/2008 7:20:48 AM","Guardian","Rumble Pit","2nd","590318088"
"Slayer","7/3/2008 7:15:13 AM","Epitaph","Rumble Pit","4th","590314654"
"Swords","7/3/2008 7:05:56 AM","Epitaph","Rumble Pit","2nd","590308516"
"Crazy King","7/3/2008 6:54:50 AM","Guardian","Rumble Pit","5th","590301899"
"Big Team Slayer","7/2/2008 9:52:47 AM","Rat's Nest","Ranked Big Team","2nd","588464983"
"Big Team Slayer","7/2/2008 8:38:46 AM","Sandtrap","Ranked Big Team","1st","588375396"
"Neutral Assault","7/2/2008 8:23:33 AM","Rat's Nest","Ranked Big Team","2nd","588359850"
"Ninjaball","7/2/2008 8:09:42 AM","Construct","Rumble Pit","1st","588347168"
"Juggernaut","7/2/2008 8:00:42 AM","The Pit","Rumble Pit","2nd","588339399"
"One Bomb","7/2/2008 4:05:30 AM","Valhalla","Ranked Big Team","1st","588227457"
"Big Team Slayer","7/2/2008 3:42:58 AM","Last Resort","Ranked Big Team","1st","588219890"
"Territories","7/2/2008 3:30:34 AM","Standoff","Big Team Social","1st","588215334"
"Slayer","7/2/2008 3:14:59 AM","Guardian","Rumble Pit","2nd","588209619"
"Team Slayer","7/1/2008 6:14:28 PM","Guardian","Team Doubles","2nd","587423727"
"Team Slayer","7/1/2008 6:00:57 PM","Construct","Team Doubles","1st","587396861"
"Rocket Race","7/1/2008 5:50:26 PM","Standoff","Rocket Race","4th","587376271"
"Team Snipers","7/1/2008 5:43:36 PM","Standoff","Team Slayer","2nd","587362701"
"Team BRs","7/1/2008 5:29:03 PM","Isolation","Team Slayer","1st","587333761"
"Big Team Slayer","7/1/2008 5:17:11 PM","Rat's Nest","Ranked Big Team","1st","587310543"
"Land Grab","7/1/2008 5:05:11 PM","Sandtrap","Ranked Big Team","1st","587287106"
"1 Flag CTF","7/1/2008 4:56:06 PM","Last Resort","Ranked Big Team","1st","587269546"
"Big Team Slayer","7/1/2008 4:31:26 PM","Standoff","Ranked Big Team","2nd","587221142"
"Big Team Slayer","7/1/2008 4:15:23 PM","Last Resort","Ranked Big Team","1st","587189202"
"Big Team Slayer","7/1/2008 3:52:48 PM","Rat's Nest","Ranked Big Team","2nd","587144854"
"Big Team Slayer","7/1/2008 3:38:58 PM","Sandtrap","Big Team Social","2nd","587117821"
"Crazy King","7/1/2008 8:15:23 AM","Guardian","Rumble Pit","6th","586355375"
"Juggernaut","7/1/2008 8:08:01 AM","The Pit","Rumble Pit","3rd","586348781"
"Swords","7/1/2008 7:20:32 AM","Guardian","Rumble Pit","4th","586312722"
"Swords","7/1/2008 7:10:07 AM","The Pit","Rumble Pit","1st","586306457"
"Hammerzeit","7/1/2008 7:00:42 AM","Narrows","Rumble Pit","3rd","586300528"
"Neutral Assault","6/30/2008 3:57:55 PM","Standoff","Ranked Big Team","1st","585119801"
"Team Slayer","6/30/2008 3:32:42 PM","Narrows","Social Slayer","1st","585068445"
"Team Slayer","6/30/2008 3:22:29 PM","Guardian","Multi Team","1st","585047755"
"Team Slayer","6/30/2008 3:19:58 PM","Standoff","Multi Team","4th","585041615"
"Slayer","6/30/2008 2:33:13 PM","Construct","Lone Wolves","2nd","584944328"
"Slayer","6/30/2008 2:21:52 PM","Snowbound","Lone Wolves","1st","584920525"
"Crazy King","6/30/2008 2:12:12 PM","Guardian","Rumble Pit","6th","584900710"
"Crazy King","6/30/2008 2:00:54 PM","Foundry","Rumble Pit","6th","584876436"
"Swords","6/30/2008 1:52:28 PM","Construct","Rumble Pit","3rd","584859504"
"Team Slayer","6/28/2008 10:42:24 AM","The Pit","Team Doubles","2nd","580536620"
"Team Slayer","6/28/2008 10:29:19 AM","Guardian","Team Doubles","1st","580518005"
"Slayer","6/28/2008 10:21:17 AM","Construct","Rumble Pit","1st","580506485"
"Crazy King","6/28/2008 10:11:21 AM","The Pit","Rumble Pit","6th","580492628"
"One Bomb","6/28/2008 6:15:10 AM","Valhalla","Ranked Big Team","1st","580263902"
"One Bomb","6/28/2008 5:55:21 AM","Valhalla","Ranked Big Team","1st","580253122"
"Neutral Assault","6/28/2008 5:23:47 AM","Valhalla","Ranked Big Team","1st","580237284"
"1 Flag CTF","6/28/2008 5:07:05 AM","Last Resort","Ranked Big Team","1st","580229415"
"1 Flag CTF","6/28/2008 4:49:35 AM","Sandtrap","Ranked Big Team","2nd","580221477"
"Team Slayer","6/27/2008 2:14:15 PM","Last Resort","Social Slayer","1st","578847016"
"Big Team Slayer","6/27/2008 2:00:48 PM","Sandtrap","Big Team Social","1st","578945679"
"Multi Flag CTF","6/27/2008 1:42:35 PM","Standoff","Big Team Social","1st","578780260"
"Team Slayer","6/27/2008 1:33:53 PM","Standoff","Team Slayer","1st","578761762"
"Team BRs","6/27/2008 1:22:33 PM","Narrows","Team Slayer","2nd","578737567"
"Team BRs","6/27/2008 1:12:33 PM","Standoff","Team Slayer","1st","578716316"
"Team Snipers","6/27/2008 12:57:45 PM","Standoff","Team Slayer","2nd","578685569"
"Team Slayer","6/27/2008 12:43:47 PM","Construct","Social Slayer","1st","578656888"
"Team BRs","6/27/2008 12:32:33 PM","Guardian","Social Slayer","1st","578633239"
"Slayer","6/27/2008 12:17:01 PM","Isolation","Rumble Pit","3rd","578602782"
"Slayer","6/27/2008 12:03:46 PM","Guardian","Rumble Pit","3rd","578576676"
"Crazy King","6/27/2008 7:51:10 AM","Foundry","Lone Wolves","5th","578203325"
"Slayer","6/27/2008 7:44:27 AM","Isolation","Lone Wolves","3rd","578197804"
"Slayer","6/27/2008 7:34:23 AM","Guardian","Lone Wolves","5th","578189404"
"Slayer BRs","6/27/2008 7:24:35 AM","The Pit","Lone Wolves","1st","578181768"
"Swords","6/27/2008 7:12:17 AM","Narrows","Rumble Pit","3rd","578172823"
"Crazy King","6/27/2008 7:01:15 AM","The Pit","Rumble Pit","6th","578165808"
"Team Slayer","6/26/2008 6:52:53 PM","Isolation","Team Slayer","1st","577327733"
"Team Slayer","6/26/2008 6:42:17 PM","Standoff","Team Slayer","2nd","577304882"
"Team BRs","6/26/2008 6:30:53 PM","The Pit","Team Slayer","2nd","577279058"
"Team BRs","6/26/2008 6:15:28 PM","Narrows","Team Slayer","2nd","577247577"
"Team Slayer","6/26/2008 6:04:42 PM","Foundry","Team Slayer","2nd","577225117"
"Team BRs","6/26/2008 5:53:29 PM","Guardian","Team Slayer","2nd","577201364"
"Team Slayer","6/26/2008 5:41:46 PM","Epitaph","Team Doubles","2nd","577177202"
"Team Slayer","6/26/2008 5:31:24 PM","Last Resort","Social Slayer","1st","577155499"
"Team BRs","6/26/2008 5:16:19 PM","Guardian","Team Doubles","2nd","577125154"
"Slayer","6/26/2008 5:01:29 PM","Snowbound","Rumble Pit","3rd","577094617"
"Slayer","6/26/2008 7:02:47 AM","Narrows","Rumble Pit","4th","576068168"
"Swords","6/26/2008 6:47:59 AM","Narrows","Rumble Pit","5th","576059681"
"Swords","6/26/2008 6:39:09 AM","Epitaph","Rumble Pit","3rd","576054785"
"Team BRs","6/25/2008 5:29:16 PM","Guardian","Team Slayer","1st","575084242"
"Team Snipers","6/25/2008 5:19:22 PM","Standoff","Team Slayer","2nd","575064221"
"Shotty Snipers","6/25/2008 5:04:44 PM","Standoff","Team Slayer","2nd","575034585"
"Shotty Snipers","6/25/2008 4:52:05 PM","The Pit","Team Slayer","2nd","575009445"
"Team Slayer","6/25/2008 4:41:37 PM","Guardian","Team Slayer","1st","574988284"
"Team BRs","6/25/2008 4:31:58 PM","Foundry","Team Slayer","1st","574968674"
"Swords","6/25/2008 4:21:51 PM","Foundry","Rumble Pit","1st","574948263"
"Slayer","6/25/2008 4:14:02 PM","Snowbound","Rumble Pit","3rd","574932769"
"Slayer","6/25/2008 4:01:58 PM","Construct","Lone Wolves","3rd","574908202"
"Slayer","6/25/2008 3:50:40 PM","Foundry","Lone Wolves","1st","574885262"
"Slayer","6/25/2008 3:39:03 PM","Narrows","Rumble Pit","1st","574861545"
"Hammerzeit","6/25/2008 9:34:58 AM","Foundry","Rumble Pit","6th","574161048"
"Swords","6/25/2008 9:27:52 AM","The Pit","Rumble Pit","1st","574151758"
"Slayer","6/25/2008 5:21:48 AM","Snowbound","Rumble Pit","1st","573966976"
"Team Slayer","6/24/2008 5:22:01 PM","Standoff","Team Slayer","1st","573028506"
"Team BRs","6/24/2008 5:04:24 PM","Snowbound","Team Slayer","2nd","572992807"
"Multi Flag BRs","6/24/2008 4:49:27 PM","Valhalla","Team Objective","2nd","572961942"
"Assault","6/24/2008 4:31:35 PM","The Pit","Team Objective","1st","572925118"
"Multi Flag CTF","6/24/2008 4:20:20 PM","Narrows","Team Objective","2nd","572902372"
"Multi Flag CTF","6/24/2008 4:10:13 PM","The Pit","Team Objective","1st","572881845"
"Team Crazy King","6/24/2008 3:53:44 PM","The Pit","Multi Team","4th","572847853"
"Team Slayer","6/24/2008 3:40:38 PM","Epitaph","Multi Team","2nd","572821003"
"Slayer","6/24/2008 3:24:29 PM","High Ground","Lone Wolves","3rd","572787090"
"Slayer","6/24/2008 3:12:33 PM","Epitaph","Rumble Pit","2nd","572761881"
"Slayer","6/24/2008 11:33:54 AM","Guardian","Lone Wolves","6th","572298702"
"Slayer","6/24/2008 11:23:37 AM","The Pit","Lone Wolves","4th","572279291"
"Oddball","6/24/2008 11:11:32 AM","Guardian","Lone Wolves","2nd","572257011"
"Hammerzeit","6/24/2008 11:03:01 AM","Narrows","Rumble Pit","1st","572241978"
"Slayer BRs","6/24/2008 9:53:53 AM","Isolation","Lone Wolves","3rd","572130446"
"Slayer","6/24/2008 9:41:55 AM","Snowbound","Lone Wolves","4th","572113211"
"Slayer BRs","6/24/2008 9:28:11 AM","Guardian","Lone Wolves","2nd","572093877"
"Oddball","6/24/2008 9:17:26 AM","Foundry","Lone Wolves","3rd","572079651"
"Slayer","6/24/2008 9:11:14 AM","Construct","Lone Wolves","1st","572071904"
"Team Slayer","6/24/2008 8:50:54 AM","Isolation","Multi Team","2nd","572047173"
"Team Swords","6/24/2008 8:34:18 AM","Foundry","Multi Team","1st","572031314"
"Slayer","6/24/2008 7:03:31 AM","Epitaph","Lone Wolves","2nd","571954491"
"Slayer","6/24/2008 6:50:04 AM","The Pit","Rumble Pit","2nd","571946762"
"Slayer","6/24/2008 6:37:28 AM","Narrows","Rumble Pit","4th","571940004"
"Slayer BRs","6/24/2008 2:58:30 AM","Guardian","Lone Wolves","3rd","571861214"
"Slayer","6/24/2008 2:45:59 AM","Snowbound","Rumble Pit","2nd","571856263"
"Juggernaut","6/24/2008 2:32:48 AM","The Pit","Rumble Pit","4th","571850950"
"Hammerzeit","6/24/2008 2:28:17 AM","Guardian","Rumble Pit","1st","571848598"
"Crazy King","6/24/2008 2:21:11 AM","Narrows","Rumble Pit","5th","571845343"
"Team Slayer","6/23/2008 4:47:14 PM","Epitaph","Multi Team","1st","570886756"
"Team Slayer","6/23/2008 4:35:21 PM","Narrows","Team Doubles","2nd","570861414"
"Rocket Race","6/23/2008 4:21:15 PM","Valhalla","Rocket Race","2nd","570832413"
"VIP","6/23/2008 4:16:11 PM","Valhalla","Multi Team","1st","570821536"
"Shotty Snipers","6/23/2008 4:04:41 PM","Valhalla","Social Slayer","1st","570797263"
"Hammerzeit","6/23/2008 3:49:34 PM","Foundry","Rumble Pit","1st","570765506"
"Slayer","6/23/2008 11:58:17 AM","Isolation","Rumble Pit","2nd","570264599"
"Slayer","6/23/2008 10:05:58 AM","Guardian","Lone Wolves","1st","570062612"
"Slayer","6/23/2008 9:55:20 AM","Guardian","Lone Wolves","3rd","570046744"
"Slayer","6/23/2008 9:37:43 AM","Epitaph","Lone Wolves","1st","570020802"
"Slayer","6/23/2008 9:27:09 AM","Guardian","Rumble Pit","2nd","570005810"
"Slayer BRs","6/23/2008 8:32:08 AM","The Pit","Lone Wolves","1st","569939230"
"Slayer","6/23/2008 8:12:44 AM","Epitaph","Lone Wolves","1st","569919464"
"Slayer","6/23/2008 7:59:00 AM","Guardian","Lone Wolves","4th","569907820"
"Crazy King","6/23/2008 7:50:44 AM","Epitaph","Lone Wolves","6th","569899808"
"Slayer","6/23/2008 7:37:42 AM","Construct","Rumble Pit","2nd","569890384"
"Juggernaut","6/23/2008 7:17:28 AM","Narrows","Rumble Pit","2nd","569875726"
"Ninjaball","6/23/2008 7:11:59 AM","Snowbound","Rumble Pit","4th","569872155"
"Slayer","6/23/2008 7:06:43 AM","Snowbound","Rumble Pit","1st","569868847"
"Shotty Snipers","6/23/2008 5:33:19 AM","Narrows","Social Slayer","1st","569826118"
"Team Slayer","6/23/2008 4:50:15 AM","Narrows","Social Slayer","2nd","569832680"
"Shotty Snipers","6/23/2008 4:44:07 AM","Valhalla","Social Slayer","2nd","569809663"
"Swords","6/23/2008 4:29:11 AM","Guardian","Lone Wolves","5th","569804903"
"Swords","6/23/2008 4:19:29 AM","Epitaph","Rumble Pit","5th","569802094"
"Hammerzeit","6/23/2008 4:08:22 AM","Construct","Rumble Pit","4th","569798511"
"VIP","6/22/2008 5:14:38 PM","Guardian","Multi Team","1st","568866618"
"Team Slayer","6/22/2008 5:01:03 PM","Foundry","Multi Team","4th","568838043"
"Rocket Race","6/22/2008 4:49:23 PM","Valhalla","Rocket Race","3rd","568813441"
"Team Crazy King","6/22/2008 4:40:57 PM","Guardian","Multi Team","4th","568795456"
"Team Hammers","6/22/2008 4:28:22 PM","Narrows","Multi Team","1st","568768955"
"Team Slayer","6/22/2008 4:19:12 PM","Snowbound","Team Doubles","1st","568749667"
"Team Slayer","6/22/2008 4:06:49 PM","Epitaph","Multi Team","1st","568723835"
"Team Slayer","6/22/2008 3:53:12 PM","Last Resort","Multi Team","1st","568694653"
"Juggernaut","6/22/2008 3:11:52 PM","The Pit","Rumble Pit","6th","568608276"
"Swords","6/22/2008 10:51:49 AM","The Pit","Rumble Pit","1st","568101719"
"Slayer","6/22/2008 10:04:50 AM","Construct","Rumble Pit","1st","568027618"
"Team Slayer","4/2/2008 7:51:29 AM","Foundry","Team Slayer","2nd","419371206"
"Team BRs","4/2/2008 7:37:21 AM","Snowbound","Team Slayer","1st","419363995"
"Team Slayer","4/2/2008 7:29:10 AM","The Pit","Team Slayer","2nd","419359798"
"Team Slayer","4/2/2008 7:18:00 AM","The Pit","Team Slayer","2nd","419354566"
"Team Snipers","4/2/2008 7:04:06 AM","Last Resort","Team Slayer","2nd","419348522"
"Team BRs","4/2/2008 6:57:05 AM","Standoff","Team Slayer","1st","419345381"
"Team Slayer","4/2/2008 6:42:25 AM","The Pit","Team Slayer","1st","419339405"
"Team BRs","4/2/2008 6:30:20 AM","Foundry","Team Slayer","2nd","419334758"
"Team Slayer","4/2/2008 6:16:04 AM","High Ground","Team Slayer","1st","419329436"
"Team BRs","4/2/2008 6:03:30 AM","Snowbound","Team Slayer","1st","419324740"
"MLG Multi Flag","4/2/2008 5:50:02 AM","Foundry","MLG","1st","419320457"
"Team Slayer","4/2/2008 5:26:10 AM","The Pit","Team Slayer","1st","419312542"
"Team Snipers","4/2/2008 4:59:56 AM","Valhalla","Team Slayer","2nd","419304411"
"Swords","4/2/2008 4:48:50 AM","Guardian","Rumble Pit","2nd","419301287"
"Slayer","4/1/2008 10:22:28 AM","Epitaph","Lone Wolves","5th","417820515"
"Team Slayer","4/1/2008 9:14:09 AM","Epitaph","Team Doubles","1st","417764526"
"Team Slayer","4/1/2008 8:59:39 AM","Guardian","Team Doubles","1st","417753870"
"Team BRs","4/1/2008 8:46:10 AM","Isolation","Team Doubles","2nd","417744303"
"Team BRs","4/1/2008 8:32:15 AM","Construct","Team Doubles","1st","417734937"
"Team Swords","4/1/2008 8:18:32 AM","Guardian","Multi Team","2nd","417726476"
"VIP","4/1/2008 8:12:19 AM","Guardian","Multi Team","4th","417722614"
"Juggernaut","4/1/2008 8:03:29 AM","Guardian","Rumble Pit","2nd","417717517"
"Multi Flag CTF","3/31/2008 3:30:23 PM","The Pit","Team Objective","1st","416628849"
"Rocket Race","3/31/2008 3:20:32 PM","Sandtrap","Rocket Race","1st","416607582"
"Rocket Race","3/31/2008 3:06:16 PM","Rat's Nest","Rocket Race","2nd","416577099"
"Rocket Race","3/31/2008 2:57:22 PM","Valhalla","Rocket Race","3rd","416554737"
"Team BRs","3/31/2008 2:49:04 PM","Isolation","Team Doubles","1st","416536857"
"Team BRs","3/31/2008 2:35:42 PM","Snowbound","Team Doubles","1st","416507015"
"Team Slayer","3/31/2008 2:28:23 PM","Guardian","Team Doubles","1st","416489258"
"Ninjaball","3/31/2008 2:17:00 PM","Epitaph","Rumble Pit","1st","416466197"
"Swords","3/31/2008 2:09:10 PM","Construct","Rumble Pit","2nd","416446465"
"Slayer BRs","3/31/2008 1:27:06 PM","The Pit","Lone Wolves","6th","416361174"
"Slayer","3/31/2008 1:26:24 PM","Guardian","Lone Wolves","1st","416358910"
"Slayer","3/31/2008 1:15:40 PM","Epitaph","Rumble Pit","1st","416338321"
"Slayer","3/31/2008 12:17:41 PM","Guardian","Rumble Pit","2nd","416242594"
"Swords","3/31/2008 12:08:09 PM","Construct","Rumble Pit","1st","416229583"
"Crazy King","3/31/2008 8:17:40 AM","Foundry","Lone Wolves","4th","416009916"
"Team BRs","3/31/2008 8:04:36 AM","Isolation","Team Slayer","2nd","416002081"
"Slayer","3/31/2008 7:52:45 AM","Snowbound","Rumble Pit","1st","415995192"
"Juggernaut","3/31/2008 7:37:57 AM","Epitaph","Rumble Pit","2nd","415987373"
"Slayer","3/30/2008 6:33:32 AM","Construct","Rumble Pit","1st","413559061"
"Slayer","3/30/2008 6:20:35 AM","Guardian","Rumble Pit","2nd","413548104"
"Juggernaut","3/30/2008 6:10:31 AM","Narrows","Rumble Pit","2nd","413540124"
"Team SWAT","3/30/2008 6:00:16 AM","Construct","Team Swat","1st","413532263"
"Slayer BRs","3/30/2008 5:17:40 AM","The Pit","Lone Wolves","1st","413504089"
"Crazy King","3/30/2008 5:05:14 AM","Guardian","Lone Wolves","4th","413496647"
"Slayer","3/30/2008 4:55:24 AM","Guardian","Rumble Pit","1st","413491081"
"Rocket Race","3/29/2008 5:11:04 PM","Rat's Nest","Rocket Race","3rd","412180154"
"Rocket Race","3/29/2008 5:01:51 PM","Sandtrap","Rocket Race","1st","412149423"
"Rocket Race","3/29/2008 4:57:15 PM","Sandtrap","Rocket Race","2nd","412128148"
"Rocket Race","3/29/2008 4:47:03 PM","Rat's Nest","Rocket Race","2nd","412093548"
"Team Oddball","3/29/2008 4:42:48 PM","Foundry","Multi Team","1st","412090100"
"Team Swords","3/29/2008 4:34:58 PM","Construct","Multi Team","1st","412057841"
"Team SWAT","3/29/2008 4:23:22 PM","High Ground","Team Swat","1st","412043770"
"Team SWAT","3/29/2008 11:56:18 AM","High Ground","Team Swat","1st","411268990"
"Team SWAT","3/29/2008 11:45:48 AM","Snowbound","Team Swat","1st","411241388"
"Swords","3/29/2008 11:39:00 AM","Guardian","Rumble Pit","1st","411388135"
"Crazy King","3/29/2008 11:17:10 AM","Narrows","Rumble Pit","4th","411168186"
"Swords","3/29/2008 11:07:45 AM","Snowbound","Rumble Pit","1st","411144453"
"Team SWAT","3/29/2008 8:50:56 AM","Guardian","Team Swat","1st","410845081"
"Team SWAT","3/29/2008 8:41:42 AM","Construct","Team Swat","1st","410828314"
"Team Slayer","3/29/2008 8:29:59 AM","Narrows","Multi Team","1st","410807776"
"VIP","3/29/2008 8:16:46 AM","The Pit","Multi Team","2nd","410785613"
"Team SWAT","3/29/2008 7:58:28 AM","The Pit","Team Swat","1st","410757063"
"Team SWAT","3/29/2008 7:49:12 AM","Isolation","Team Swat","2nd","410744343"
"Team SWAT","3/29/2008 7:40:57 AM","Guardian","Team Swat","2nd","410732575"
"Team SWAT","3/29/2008 7:33:43 AM","Narrows","Team Swat","1st","410722859"
"Team SWAT","3/29/2008 7:25:43 AM","Guardian","Team Swat","1st","410712615"
"Swords","3/29/2008 7:15:38 AM","Epitaph","Rumble Pit","1st","410700176"
"Rocket Race","3/29/2008 7:07:03 AM","Rat's Nest","Rocket Race","2nd","410690170"
"Team Slayer","3/28/2008 2:38:21 PM","Guardian","Team Doubles","2nd","408754008"
"Team Slayer","3/28/2008 2:24:38 PM","Foundry","Team Doubles","1st","408715745"
"Team BRs","3/28/2008 2:10:37 PM","Narrows","Team Doubles","1st","408678270"
"Team Slayer","3/28/2008 1:56:46 PM","Foundry","Team Doubles","1st","408642193"
"Team BRs","3/28/2008 1:45:49 PM","Construct","Team Doubles","1st","408614020"
"Big Team Slayer","3/28/2008 1:34:38 PM","Last Resort","Ranked Big Team","2nd","408586423"
"Juggernaut","3/28/2008 1:21:29 PM","Foundry","Rumble Pit","1st","408554269"
"Slayer BRs","3/28/2008 8:22:43 AM","Epitaph","Lone Wolves","3rd","408102473"
"Team Slayer","3/28/2008 8:11:05 AM","Foundry","DLC Slayer","2nd","408092748"
"Slayer BRs","3/28/2008 7:59:11 AM","Snowbound","Lone Wolves","3rd","408083380"
"Slayer","3/28/2008 7:48:59 AM","Snowbound","Lone Wolves","3rd","408075669"
"Slayer BRs","3/28/2008 7:40:25 AM","Guardian","Lone Wolves","4th","408069196"
"Swords","3/28/2008 7:28:51 AM","Narrows","Rumble Pit","3rd","408061016"
"Rocket Stunts","3/27/2008 4:25:19 PM","Valhalla","Rocket Race","1st","406937306"
"Rocket Race","3/27/2008 4:11:38 PM","Sandtrap","Rocket Race","3rd","406902243"
"Team Slayer","3/27/2008 4:04:37 PM","High Ground","Multi Team","2nd","406884668"
"Team BRs","3/27/2008 3:50:11 PM","High Ground","Team Slayer","1st","406848169"
"Team Slayer","3/27/2008 3:35:02 PM","Isolation","Team Doubles","1st","406810434"
"Slayer","3/27/2008 3:18:55 PM","The Pit","Rumble Pit","1st","406769933"
"Team Slayer","3/27/2008 8:46:13 AM","Snowbound","Team Slayer","1st","406107540"
"Team Slayer","3/27/2008 8:35:32 AM","Isolation","Team Slayer","1st","406099036"
"Slayer BRs","3/27/2008 8:17:12 AM","Epitaph","Lone Wolves","1st","406085418"
"Slayer BRs","3/27/2008 5:47:07 AM","Guardian","Lone Wolves","1st","406011666"
"Slayer","3/27/2008 5:36:10 AM","Epitaph","Lone Wolves","4th","406007917"
"Swords","3/27/2008 5:25:52 AM","Epitaph","Rumble Pit","3rd","406004724"
"Crazy King","3/27/2008 5:17:34 AM","Guardian","Rumble Pit","3rd","406001930"
"Slayer","3/27/2008 5:10:23 AM","Guardian","Rumble Pit","3rd","405999470"
"Rocket Race","3/26/2008 3:57:41 PM","Valhalla","Rocket Race","2nd","404918590"
"Rocket Race","3/26/2008 3:52:02 PM","Sandtrap","Rocket Race","2nd","404906524"
"Rocket Race","3/26/2008 3:42:27 PM","Sandtrap","Rocket Race","2nd","404882864"
"Rocket Race","3/26/2008 3:32:55 PM","Sandtrap","Rocket Race","3rd","404860933"
"Rocket Race","3/26/2008 3:26:30 PM","Valhalla","Rocket Race","4th","404844647"
"Rocket Stunts","3/26/2008 3:19:56 PM","Sandtrap","Rocket Race","3rd","404828955"
"Team Duals","3/26/2008 3:09:05 PM","Foundry","DLC Slayer","2nd","404804918"
"Slayer BRs","3/26/2008 2:08:34 PM","The Pit","Lone Wolves","2nd","404665615"
"Swords","3/26/2008 12:41:58 PM","The Pit","Lone Wolves","2nd","404488701"
"Swords","3/26/2008 12:32:56 PM","Epitaph","Lone Wolves","4th","404471900"
"Slayer BRs","3/26/2008 12:25:05 PM","Narrows","Lone Wolves","2nd","404458656"
"Team Slayer","3/26/2008 11:06:34 AM","Snowbound","Team Doubles","1st","404344136"
"Team Slayer","3/26/2008 10:58:16 AM","Epitaph","Team Doubles","1st","404333397"
"Team BRs","3/26/2008 10:48:20 AM","Construct","Team Doubles","1st","404320362"
"Team Slayer","3/26/2008 10:40:14 AM","Construct","Team Doubles","2nd","404310454"
"Team BRs","3/26/2008 10:28:46 AM","Epitaph","Team Doubles","1st","404296355"
"Crazy King","3/26/2008 10:11:15 AM","Epitaph","Lone Wolves","5th","404275349"
"Swords","3/26/2008 10:03:51 AM","Guardian","Rumble Pit","3rd","404266437"
"Team Slayer","3/25/2008 11:44:32 AM","Narrows","Team Slayer","1st","402459366"
"Team BRs","3/25/2008 11:29:52 AM","Isolation","Team Slayer","2nd","402438648"
"Shotty Snipers","3/25/2008 11:16:22 AM","Snowbound","Team Slayer","1st","402420464"
"Team Slayer","3/25/2008 11:06:31 AM","Isolation","Team Slayer","2nd","402407415"
"Team BRs","3/25/2008 10:56:25 AM","Valhalla","Team Slayer","2nd","402394268"
"Team BRs","3/25/2008 10:43:21 AM","Last Resort","Team Slayer","1st","402377526"
"Team BRs","3/25/2008 10:28:45 AM","Narrows","Team Slayer","1st","402359998"
"Team Slayer","3/25/2008 10:19:05 AM","Isolation","Team Slayer","2nd","402348890"
"Crazy King","3/25/2008 10:00:57 AM","Snowbound","Lone Wolves","2nd","402328191"
"Crazy King","3/25/2008 9:51:45 AM","Epitaph","Lone Wolves","5th","402318522"
"Slayer","3/25/2008 9:45:58 AM","Guardian","Lone Wolves","3rd","402312392"
"Ninjaball","3/25/2008 9:35:15 AM","Construct","Rumble Pit","1st","402302074"
"Swords","3/25/2008 9:25:39 AM","Snowbound","Rumble Pit","2nd","402292520"
"Oddball","3/25/2008 5:27:54 AM","Guardian","Lone Wolves","5th","402156641"
"Team Slayer","3/25/2008 5:21:39 AM","Isolation","Team Doubles","1st","402154524"
"Team BRs","3/25/2008 5:08:06 AM","The Pit","Team Doubles","1st","402150380"
"Team Slayer","3/25/2008 4:57:42 AM","Guardian","Team Doubles","1st","402147185"
"Team Slayer","3/25/2008 4:44:49 AM","Snowbound","Team Doubles","1st","402142948"
"Team Slayer","3/25/2008 4:30:38 AM","Guardian","Team Doubles","2nd","402138936"
"Slayer BRs","3/25/2008 4:17:58 AM","Construct","Lone Wolves","4th","402135051"
"Swords","3/25/2008 4:05:46 AM","The Pit","Rumble Pit","2nd","402131560"
"Assault","3/24/2008 12:27:34 PM","The Pit","Team Objective","2nd","400664822"
"Assault","3/24/2008 12:10:45 PM","Narrows","Team Objective","2nd","400633424"
"Team Slayer","3/24/2008 11:54:03 AM","Guardian","Team Doubles","1st","400603472"
"Rocket Race","3/24/2008 11:40:30 AM","Sandtrap","Rocket Race","1st","400580054"
"Team Hammers","3/24/2008 11:33:03 AM","Epitaph","Multi Team","1st","400566680"
"Team Slayer","3/24/2008 11:26:25 AM","Construct","Team Slayer","2nd","400556108"
"Team Slayer","3/24/2008 11:12:14 AM","Snowbound","Team Doubles","1st","400532411"
"Hammerzeit","3/24/2008 11:02:47 AM","The Pit","Rumble Pit","5th","400517271"
"Hammerzeit","3/24/2008 10:55:29 AM","The Pit","Rumble Pit","1st","400505018"
"Rocket Race","3/23/2008 4:36:57 PM","Sandtrap","Rocket Race","3rd","399123454"
"Rocket Race","3/23/2008 4:31:26 PM","Valhalla","Rocket Race","1st","399110128"
"Rocket Race","3/23/2008 4:24:17 PM","Sandtrap","Rocket Race","4th","399094746"
"Rocket Race","3/23/2008 4:16:50 PM","Sandtrap","Rocket Race","3rd","399075403"
"Rocket Race","3/23/2008 4:07:07 PM","Sandtrap","Rocket Race","1st","399053633"
"Rocket Race","3/23/2008 3:58:09 PM","Sandtrap","Rocket Race","2nd","399033095"
"Team BRs","3/23/2008 3:49:56 PM","Construct","Team Slayer","1st","399014583"
"Team Slayer","3/23/2008 3:36:53 PM","The Pit","Team Doubles","1st","398983670"
"Team BRs","3/23/2008 3:22:20 PM","Guardian","Team Doubles","1st","398951872"
"Team BRs","3/23/2008 3:10:06 PM","Construct","Team Doubles","1st","398923322"
"Team Slayer","3/23/2008 2:56:20 PM","The Pit","Social Slayer","1st","398893220"
"Team Swords","3/23/2008 2:48:37 PM","Construct","Multi Team","2nd","398875370"
"Team Slayer","3/23/2008 2:41:53 PM","Narrows","Multi Team","1st","398861351"
"Team Slayer","3/23/2008 11:56:08 AM","The Pit","Team Slayer","1st","398519686"
"Team Slayer","3/23/2008 11:43:37 AM","Narrows","Team Slayer","2nd","398496136"
"Team Slayer","3/23/2008 11:33:25 AM","The Pit","Social Slayer","1st","398477187"
"Oddball","3/23/2008 11:25:26 AM","Snowbound","Rumble Pit","4th","398462244"
"Team Oddball","3/23/2008 11:20:42 AM","The Pit","Multi Team","3rd","398453884"
"Team Crazy King","3/23/2008 11:08:28 AM","Narrows","Multi Team","1st","398432209"
"Team BRs","3/22/2008 5:29:32 PM","Narrows","Team Slayer","1st","396953886"
"Team BRs","3/22/2008 5:19:55 PM","Guardian","Team Slayer","1st","396929346"
"Big Team Slayer","3/22/2008 5:09:33 PM","Last Resort","Ranked Big Team","2nd","396903881"
"Team Swords","3/22/2008 4:53:01 PM","The Pit","Multi Team","1st","396861795"
"Team Slayer","3/22/2008 2:35:55 PM","The Pit","Team Slayer","1st","396516191"
"Team BRs","3/22/2008 2:23:43 PM","Guardian","Team Slayer","1st","396485887"
"Team BRs","3/22/2008 2:11:08 PM","Valhalla","Team Slayer","2nd","396453227"
"Team BRs","3/22/2008 1:55:43 PM","The Pit","Team Slayer","1st","396416026"
"Team Slayer","3/22/2008 1:40:01 PM","Last Resort","Team Slayer","1st","396376171"
"Team Slayer","3/22/2008 1:26:12 PM","Isolation","Team Slayer","1st","396342589"
"Team BRs","3/22/2008 1:15:40 PM","Guardian","Team Slayer","2nd","396317172"
"Slayer BRs","3/22/2008 1:05:59 PM","Epitaph","Lone Wolves","1st","396294508"
"Swords","3/22/2008 12:56:01 PM","Narrows","Rumble Pit","3rd","396269871"
"Team SWAT","3/22/2008 10:52:07 AM","Snowbound","Team Swat","1st","395985213"
"Team BRs","3/22/2008 7:02:36 AM","The Pit","Team Slayer","2nd","395610349"
"Team BRs","3/22/2008 6:49:51 AM","Isolation","Team Slayer","2nd","395598303"
"Team Slayer","3/22/2008 6:40:21 AM","Isolation","Team Slayer","1st","395589744"
"Team Slayer","3/22/2008 6:29:21 AM","Isolation","Team Slayer","1st","395580230"
"Team Slayer","3/22/2008 6:14:44 AM","Guardian","Team Slayer","2nd","395569139"
"Team Slayer","3/22/2008 6:05:23 AM","The Pit","Team Slayer","2nd","395562178"
"Team Slayer","3/22/2008 5:52:34 AM","Guardian","Team Slayer","1st","395553442"
"Team Slayer","3/22/2008 5:43:16 AM","Snowbound","Team Slayer","1st","395547248"
"Shotty Snipers","3/22/2008 5:31:37 AM","Last Resort","Team Slayer","1st","395540173"
"Team SWAT","3/22/2008 5:15:52 AM","Snowbound","Team Swat","1st","395531428"
"Juggernaut","3/22/2008 5:08:23 AM","The Pit","Rumble Pit","2nd","395527400"
"Swords","3/22/2008 5:02:47 AM","Guardian","Rumble Pit","3rd","395524498"
"Slayer","3/22/2008 4:56:52 AM","High Ground","Lone Wolves","1st","395521237"
"HC Team Slayer","3/22/2008 4:30:11 AM","Epitaph","Team Hardcore","1st","395507903"
"Team SWAT","3/22/2008 4:19:47 AM","Narrows","Team Swat","1st","395502773"
"Team SWAT","3/22/2008 4:11:59 AM","The Pit","Team Swat","1st","395498844"
"Swords","3/22/2008 4:03:50 AM","Construct","Rumble Pit","2nd","395494651"
"Team BRs","3/21/2008 6:26:45 PM","Last Resort","Team Slayer","1st","394465181"
"Team BRs","3/21/2008 6:14:10 PM","Guardian","Team Slayer","1st","394432095"
"Team BRs","3/21/2008 6:05:01 PM","Isolation","Team Slayer","1st","394408389"
"Team Slayer","3/21/2008 5:57:32 PM","Guardian","Team Slayer","1st","394387934"
"Team Slayer","3/21/2008 5:50:54 PM","The Pit","Team Slayer","1st","394370222"
"Team BRs","3/21/2008 5:39:16 PM","The Pit","Team Doubles","2nd","394340542"
"Rocket Race","3/21/2008 5:25:30 PM","Sandtrap","Rocket Race","1st","394303887"
"Team BRs","3/21/2008 5:16:34 PM","High Ground","Team Slayer","1st","394280799"
"Team Slayer","3/21/2008 5:02:40 PM","The Pit","Team Slayer","2nd","394244369"
"Team Slayer","3/21/2008 4:50:16 PM","The Pit","Team Slayer","2nd","394212771"
"Team BRs","3/21/2008 4:35:28 PM","Construct","Team Slayer","2nd","394174232"
"Team Slayer","3/21/2008 4:25:34 PM","Construct","Team Slayer","2nd","394147918"
"Team Slayer","3/21/2008 4:16:33 PM","Isolation","Team Slayer","1st","394124684"
"Team Slayer","3/21/2008 4:04:58 PM","The Pit","Team Slayer","2nd","394093361"
"Team BRs","3/21/2008 3:51:02 PM","Last Resort","Team Slayer","2nd","394058052"
"Rocket Race","3/21/2008 3:35:36 PM","Sandtrap","Rocket Race","2nd","394018172"
"Team Slayer","3/21/2008 3:28:12 PM","The Pit","Multi Team","1st","393998357"
"Oddball","3/21/2008 3:05:06 PM","Construct","Lone Wolves","1st","393938325"
"Team SWAT","3/21/2008 2:58:35 PM","Guardian","Team Swat","2nd","393920869"
"Team SWAT","3/21/2008 2:49:27 PM","The Pit","Team Swat","1st","393898560"
"Team BRs","3/21/2008 2:40:42 PM","Valhalla","Social Slayer","2nd","393876021"
"Oddball","3/21/2008 2:28:29 PM","Snowbound","Rumble Pit","2nd","393845351"
"Team BRs","3/21/2008 3:46:56 AM","Last Resort","Team Slayer","1st","392898112"
"HC Team Slayer","3/21/2008 3:30:08 AM","Construct","Team Hardcore","2nd","392890149"
"HC Team Slayer","3/21/2008 3:16:55 AM","Epitaph","Team Hardcore","1st","392883583"
"Oddball","3/21/2008 3:07:25 AM","Guardian","Lone Wolves","4th","392878878"
"Slayer BRs","3/21/2008 3:01:33 AM","Construct","Lone Wolves","2nd","392875929"
"Slayer","3/21/2008 2:50:20 AM","Narrows","Rumble Pit","3rd","392869630"
"Team SWAT","3/21/2008 2:39:40 AM","Isolation","Team Swat","2nd","392863578"
"Team Slayer","3/20/2008 3:06:43 PM","Guardian","Team Slayer","1st","391431972"
"Team Slayer","3/20/2008 2:55:18 PM","Guardian","Team Slayer","2nd","391402432"
"Team Slayer","3/20/2008 2:37:01 PM","High Ground","Team Slayer","2nd","391358302"
"Team BRs","3/20/2008 2:24:56 PM","Isolation","Team Doubles","1st","391327598"
"Team Slayer","3/20/2008 2:16:43 PM","Narrows","Team Slayer","1st","391308065"
"Team Slayer","3/20/2008 2:01:10 PM","Last Resort","Team Slayer","1st","391272846"
"Team Slayer","3/20/2008 1:44:28 PM","Isolation","Team Doubles","2nd","391231435"
"Team BRs","3/20/2008 1:31:06 PM","Guardian","Team Doubles","1st","391201527"
"Team Slayer","3/20/2008 1:20:12 PM","Isolation","Team Doubles","1st","391177487"
"Team BRs","3/20/2008 1:15:08 PM","Epitaph","Team Doubles","1st","391166572"
"Team Slayer","3/20/2008 1:00:26 PM","Construct","Team Slayer","1st","391269146"
"Crazy King","3/20/2008 12:58:03 PM","Guardian","Lone Wolves","4th","391131564"
"Crazy King","3/20/2008 12:49:14 PM","The Pit","Rumble Pit","1st","391113920"
"Team Slayer","3/20/2008 11:27:01 AM","Isolation","Social Slayer","2nd","390982976"
"Team Slayer","3/20/2008 11:18:12 AM","Narrows","Social Slayer","2nd","390971139"
"Big Team Slayer","3/20/2008 11:05:13 AM","Sandtrap","Big Team Social","2nd","390953622"
"VIP","3/20/2008 10:49:08 AM","Last Resort","Big Team Social","1st","390933738"
"Big Team Slayer","3/20/2008 10:34:54 AM","Valhalla","Big Team Social","2nd","390915946"
"Big Team Slayer","3/20/2008 10:19:09 AM","Sandtrap","Big Team Social","2nd","390897097"
"Team Slayer","3/19/2008 4:15:29 PM","High Ground","Team Slayer","1st","389710370"
"Team BRs","3/19/2008 4:03:49 PM","High Ground","Team Slayer","1st","389683847"
"Team BRs","3/19/2008 3:51:42 PM","Valhalla","Team Slayer","1st","389656741"
"Juggernaut","3/19/2008 3:33:53 PM","Guardian","Rumble Pit","2nd","389616030"
"Slayer","3/19/2008 3:27:13 PM","Guardian","Rumble Pit","3rd","389599898"
"Slayer","3/19/2008 3:14:52 PM","Snowbound","Rumble Pit","3rd","389573618"
"Team Slayer","3/19/2008 8:51:15 AM","Narrows","Team Slayer","2nd","388992673"
"Team Slayer","3/19/2008 8:40:32 AM","High Ground","Team Slayer","2nd","388985931"
"Team Slayer","3/19/2008 8:30:40 AM","Snowbound","Team Slayer","2nd","388979503"
"Team BRs","3/19/2008 8:16:19 AM","Construct","Team Slayer","2nd","388972500"
"Slayer","3/19/2008 8:05:46 AM","Snowbound","Lone Wolves","4th","388965506"
"Team Slayer","3/19/2008 6:30:26 AM","Narrows","Team Slayer","1st","388927047"
"Team BRs","3/19/2008 6:21:14 AM","High Ground","Team Slayer","2nd","388924327"
"Team Snipers","3/19/2008 6:06:41 AM","Narrows","Team Slayer","1st","388920063"
"Team Slayer","3/19/2008 5:59:36 AM","Last Resort","Team Slayer","1st","388918283"
"Team BRs","3/19/2008 5:42:33 AM","Isolation","Team Slayer","1st","388913648"
"Team BRs","3/19/2008 5:13:27 AM","The Pit","Team Slayer","1st","388922577"
"Team BRs","3/19/2008 5:27:44 AM","Construct","Team Slayer","2nd","388909955"
"Team Slayer","3/19/2008 5:01:32 AM","Isolation","Team Slayer","2nd","388903561"
"Team BRs","3/19/2008 4:52:25 AM","Valhalla","Team Slayer","2nd","388901520"
"Slayer","3/19/2008 4:21:37 AM","The Pit","Lone Wolves","1st","388894207"
"Swords","3/19/2008 4:10:50 AM","Epitaph","Rumble Pit","1st","388891684"
"Slayer","3/19/2008 3:51:04 AM","The Pit","Lone Wolves","1st","388886878"
"Slayer","3/19/2008 3:39:27 AM","Guardian","Lone Wolves","1st","388884009"
"Slayer","3/19/2008 3:28:25 AM","Isolation","Rumble Pit","1st","388881409"
"Shotty Snipers","3/19/2008 3:11:21 AM","Narrows","Social Slayer","2nd","388876891"
"Team Slayer","3/18/2008 5:55:46 PM","Narrows","Team Slayer","2nd","388208795"
"Team BRs","3/18/2008 5:44:14 PM","Guardian","Team Slayer","1st","388182512"
"Team Slayer","3/18/2008 5:32:46 PM","High Ground","Multi Team","1st","388156644"
"Team Slayer","3/18/2008 5:15:05 PM","Construct","Team Slayer","2nd","388116789"
"Team Slayer","3/18/2008 5:05:20 PM","Guardian","Team Slayer","2nd","388094197"
"Team BRs","3/18/2008 4:56:09 PM","Construct","Team Slayer","2nd","388073182"
"Slayer","3/18/2008 4:42:34 PM","Guardian","Lone Wolves","1st","388042392"
"Team BRs","3/18/2008 4:29:45 PM","Isolation","Team Slayer","1st","388013206"
"Slayer BRs","3/18/2008 4:17:54 PM","Guardian","Lone Wolves","1st","387986984"
"Slayer BRs","3/18/2008 4:07:35 PM","Guardian","Lone Wolves","1st","387962995"
"Big Team Slayer","3/18/2008 1:21:44 PM","Valhalla","Big Team Social","1st","387608003"
"Swords","3/18/2008 1:06:39 PM","Construct","Rumble Pit","1st","387579106"
"Oddball","3/18/2008 12:58:16 PM","Snowbound","Rumble Pit","2nd","387564871"
"Crazy King","3/18/2008 12:52:56 PM","Narrows","Rumble Pit","1st","387555228"
"Mosh Pit","3/18/2008 12:44:39 PM","The Pit","Rumble Pit","4th","387541406"
"Slayer","3/18/2008 11:56:27 AM","Construct","Rumble Pit","1st","387561532"
"Slayer","3/18/2008 12:39:14 PM","Narrows","Rumble Pit","1st","387532817"
"Oddball","3/18/2008 12:26:55 PM","Epitaph","Rumble Pit","2nd","387513817"
"Mosh Pit","3/18/2008 12:22:22 PM","The Pit","Rumble Pit","3rd","387507001"
"Slayer","3/18/2008 12:16:39 PM","Isolation","Rumble Pit","1st","387499092"
"Swords","3/18/2008 12:06:04 PM","Snowbound","Rumble Pit","2nd","387484514"
"Slayer","3/18/2008 11:43:43 AM","Guardian","Rumble Pit","1st","387456361"
"Oddball","3/18/2008 11:33:32 AM","Epitaph","Rumble Pit","3rd","387444629"
"Team Slayer","3/18/2008 6:34:36 AM","High Ground","Team Slayer","2nd","387235705"
"Team Slayer","3/18/2008 6:22:19 AM","Guardian","Team Slayer","1st","387231978"
"Team Slayer","3/18/2008 6:09:51 AM","Guardian","Team Slayer","2nd","387228657"
"Shotty Snipers","3/18/2008 6:00:11 AM","Snowbound","Team Slayer","1st","387226468"
"Team Slayer","3/18/2008 5:44:25 AM","Guardian","Team Slayer","1st","387222554"
"Team Slayer","3/18/2008 5:34:17 AM","Narrows","Team Slayer","1st","387220151"
"Swords","3/18/2008 5:21:18 AM","The Pit","Rumble Pit","1st","387217130"
"Swords","3/18/2008 5:07:38 AM","Epitaph","Rumble Pit","1st","387214008"
"Juggernaut","3/18/2008 4:57:14 AM","Epitaph","Rumble Pit","4th","387211911"
"Team Slayer","3/18/2008 4:49:12 AM","The Pit","Social Slayer","1st","387210079"
"Shotty Snipers","3/18/2008 4:40:26 AM","Narrows","Social Slayer","1st","387208080"
"Team Slayer","3/18/2008 4:32:33 AM","Valhalla","Social Slayer","1st","387206225"
"Team BRs","3/18/2008 4:17:15 AM","High Ground","Social Slayer","1st","387203004"
"Team Slayer","3/17/2008 4:21:09 PM","Valhalla","Social Slayer","1st","386321928"
"Crazy King","3/17/2008 2:11:02 PM","The Pit","Lone Wolves","4th","386041838"
"Multi Flag CTF","3/17/2008 2:03:30 PM","Valhalla","Ranked Big Team","1st","386026366"
"Crazy King","3/17/2008 1:43:39 PM","The Pit","Lone Wolves","5th","385986392"
"HC 2 Flag CTF","3/17/2008 1:34:20 PM","The Pit","Team Hardcore","1st","385968500"
"Team Slayer","3/17/2008 1:20:02 PM","Last Resort","Multi Team","1st","385940750"
"Team BRs","3/17/2008 11:19:11 AM","Valhalla","Team Slayer","2nd","385767392"
"Team Slayer","3/17/2008 11:06:03 AM","Guardian","Team Slayer","1st","385752996"
"Team Snipers","3/17/2008 10:58:21 AM","Valhalla","Team Slayer","1st","385744252"
"Oddball","3/17/2008 10:50:32 AM","Construct","Lone Wolves","5th","385736090"
"Crazy King","3/17/2008 10:43:52 AM","The Pit","Lone Wolves","6th","385729379"
"Team Slayer","3/17/2008 10:34:47 AM","Isolation","Team Slayer","1st","385719184"
"Shotty Snipers","3/17/2008 10:09:54 AM","Last Resort","Team Slayer","1st","385694767"
"Team Slayer","3/17/2008 9:56:18 AM","The Pit","Team Doubles","2nd","385682038"
"Slayer","3/17/2008 9:40:06 AM","Guardian","Rumble Pit","1st","385667753"
"Juggernaut","3/17/2008 9:31:30 AM","Guardian","Rumble Pit","2nd","385660222"
"Team BRs","3/17/2008 9:25:25 AM","Valhalla","Team Slayer","2nd","385655572"
"Team Slayer","3/17/2008 9:11:17 AM","Snowbound","Team Slayer","1st","385644748"
"Team BRs","3/17/2008 8:57:53 AM","The Pit","Team Slayer","1st","385635130"
"Team Slayer","3/17/2008 8:45:55 AM","Narrows","Team Slayer","1st","385627157"
"Team Slayer","3/17/2008 8:30:52 AM","Snowbound","Team Slayer","1st","385618291"
"Team BRs","3/17/2008 8:14:19 AM","Guardian","Team Slayer","1st","385609333"
"Team Slayer","3/17/2008 8:05:08 AM","Snowbound","Team Slayer","2nd","385604929"
"Team Slayer","3/17/2008 7:53:14 AM","Guardian","Team Slayer","2nd","385599393"
"Team Slayer","3/17/2008 5:45:54 AM","The Pit","Team Slayer","2nd","385558625"
"Team Slayer","3/17/2008 5:31:56 AM","Narrows","Team Slayer","1st","385556059"
"Slayer BRs","3/17/2008 5:24:58 AM","Snowbound","Lone Wolves","3rd","385553909"
"Slayer","3/17/2008 5:14:12 AM","The Pit","Lone Wolves","2nd","385551342"
"Slayer BRs","3/17/2008 4:40:23 AM","Isolation","Lone Wolves","2nd","385544286"
"Team Slayer","3/17/2008 4:27:09 AM","Isolation","Team Slayer","1st","385541597"
"Team BRs","3/17/2008 4:17:06 AM","Narrows","Team Slayer","1st","385539244"
"Slayer","3/17/2008 4:05:52 AM","Snowbound","Lone Wolves","1st","385536652"
"Team Slayer","3/17/2008 3:54:00 AM","Valhalla","Team Slayer","1st","385534238"
"Oddball","3/17/2008 3:38:54 AM","Guardian","Lone Wolves","4th","385530506"
"Slayer","3/17/2008 3:31:18 AM","Guardian","Lone Wolves","2nd","385528757"
"Multi Flag CTF","3/17/2008 3:20:01 AM","Valhalla","Ranked Big Team","2nd","385525946"
"VIP","3/16/2008 2:28:09 PM","Sandtrap","Big Team Social","2nd","384349548"
"Big Team Slayer","3/16/2008 2:17:57 PM","Valhalla","Ranked Big Team","2nd","384324504"
"Team BRs","3/16/2008 12:39:03 PM","Construct","Team Doubles","2nd","384082777"
"Team Slayer","3/16/2008 12:28:16 PM","The Pit","Team Doubles","2nd","384058046"
"Team Slayer","3/16/2008 12:14:56 PM","Valhalla","Team Slayer","1st","384027670"
"Team Slayer","3/16/2008 11:50:51 AM","Snowbound","Team Slayer","1st","383972014"
"Team Slayer","3/16/2008 11:34:37 AM","Valhalla","Social Slayer","1st","383936381"
"Team Snipers","3/16/2008 11:23:11 AM","Last Resort","Social Slayer","1st","383911190"
"Crazy King","3/16/2008 11:01:47 AM","Epitaph","Lone Wolves","2nd","383865944"
"Slayer","3/16/2008 10:53:05 AM","The Pit","Lone Wolves","5th","383848763"
"Crazy King","3/16/2008 10:40:16 AM","Guardian","Lone Wolves","4th","383821748"
"Slayer","3/16/2008 10:31:53 AM","High Ground","Lone Wolves","5th","383805589"
"Team Slayer","3/16/2008 10:05:47 AM","Narrows","Social Slayer","1st","383755824"
"Slayer","3/16/2008 9:58:04 AM","Snowbound","Rumble Pit","3rd","383741821"
"Slayer","3/16/2008 9:47:18 AM","Snowbound","Rumble Pit","3rd","383722567"
"Slayer","3/16/2008 9:33:01 AM","The Pit","Rumble Pit","1st","383697657"
"Oddball","3/16/2008 9:22:05 AM","Guardian","Rumble Pit","6th","383679569"
"Team Slayer","3/16/2008 9:17:48 AM","Narrows","Social Slayer","1st","383672753"
"Team Slayer","3/16/2008 9:10:40 AM","Narrows","Social Slayer","2nd","383661598"
"Team BRs","3/16/2008 9:03:07 AM","The Pit","Social Slayer","1st","383650161"
"Team BRs","3/16/2008 8:55:49 AM","Guardian","Social Slayer","1st","383639198"
"Team Duals","3/15/2008 2:15:04 PM","Snowbound","Social Slayer","1st","381847771"
"Team BRs","3/15/2008 2:07:44 PM","Last Resort","Social Slayer","2nd","381832648"
"Shotty Snipers","3/15/2008 1:54:14 PM","The Pit","Social Slayer","1st","381798150"
"Team Slayer","3/15/2008 1:42:56 PM","Narrows","Social Slayer","1st","381770261"
"Team Slayer","3/15/2008 1:27:32 PM","Valhalla","Social Slayer","2nd","381732841"
"Team BRs","3/15/2008 1:13:09 PM","Last Resort","Social Slayer","1st","381697783"
"Team BRs","3/15/2008 1:00:04 PM","Guardian","Social Slayer","1st","381665938"
"Team BRs","3/15/2008 11:06:23 AM","Narrows","Social Slayer","1st","381412462"
"Team BRs","1/14/2008 11:17:22 AM","The Pit","Social Slayer","1st","256321841"
"Hammerzeit","1/13/2008 10:38:15 AM","Snowbound","Rumble Pit","3rd","254207650"
"Team Slayer","1/13/2008 10:31:26 AM","Last Resort","Social Slayer","1st","254193412"
"Team Snipers","1/13/2008 4:34:22 AM","Construct","Team Doubles","1st","253752679"
"Team BRs","1/13/2008 4:21:18 AM","Snowbound","Team Doubles","1st","253745168"
"Team Slayer","1/13/2008 4:08:48 AM","Narrows","Team Doubles","1st","253738139"
"Team Slayer","1/13/2008 3:58:20 AM","Epitaph","Team Doubles","1st","253732217"
"Team Slayer","1/13/2008 3:45:44 AM","Guardian","Team Doubles","1st","253725076"
"Team Snipers","1/12/2008 4:02:51 PM","Last Resort","Team Slayer","1st","252202492"
"Team Snipers","1/12/2008 4:02:51 PM","Last Resort","Team Slayer","1st","252201220"
"Team Slayer","1/12/2008 3:47:11 PM","Narrows","Team Doubles","1st","252149643"
"Team BRs","1/12/2008 3:36:54 PM","Narrows","Team Doubles","1st","252129900"
"Team BRs","1/12/2008 3:25:20 PM","The Pit","Team Doubles","1st","252091071"
"Team Slayer","1/12/2008 3:14:56 PM","Construct","Team Doubles","1st","252063748"
"Team Slayer","1/12/2008 3:06:11 PM","Construct","Team Doubles","2nd","252055354"
"Team Slayer","1/12/2008 2:53:52 PM","Epitaph","Team Doubles","1st","252008130"
"Team Slayer","1/12/2008 2:47:16 PM","Snowbound","Team Doubles","1st","251991516"
"Team BRs","1/12/2008 2:34:23 PM","Narrows","Team Doubles","2nd","251955354"
"Team Slayer","1/12/2008 2:21:22 PM","The Pit","Team Doubles","1st","251936992"
"Team Slayer","1/12/2008 2:11:29 PM","Snowbound","Team Doubles","1st","251905685"
"Team BRs","1/12/2008 2:00:08 PM","Narrows","Social Slayer","1st","251863300"
"Hammerzeit","1/12/2008 1:53:20 PM","Snowbound","Rumble Pit","2nd","251859850"
"Slayer BRs","1/12/2008 1:07:27 PM","Narrows","Lone Wolves","4th","251715218"
"Slayer BRs","1/12/2008 12:58:06 PM","Isolation","Lone Wolves","2nd","251688710"
"Eliminatio","1/12/2008 12:45:39 PM","Narrows","Team Tactical","2nd","251666754"
"Eliminatio","1/12/2008 12:38:32 PM","The Pit","Team Tactical","2nd","251635291"
"Elim Snipers","1/11/2008 4:14:22 PM","High Ground","Team Tactical","1st","249291221"
"Eliminatio","1/11/2008 4:06:40 PM","Narrows","Team Tactical","1st","249286072"
"Eliminatio","1/11/2008 4:00:07 PM","High Ground","Team Tactical","1st","249251566"
"Crazy King","1/11/2008 3:48:02 PM","Narrows","Rumble Pit","5th","249218744"
"Team BRs","1/11/2008 3:39:55 PM","Construct","Social Slayer","1st","249197678"
"Team BRs","1/11/2008 3:30:50 PM","Guardian","Social Slayer","1st","249182620"
"Slayer","1/11/2008 3:10:58 PM","Isolation","Lone Wolves","3rd","249131963"
"Team Snipers","1/11/2008 1:17:37 PM","Last Resort","Team Slayer","1st","248842740"
"Team Slayer","1/11/2008 1:09:14 PM","Isolation","Team Slayer","1st","248825873"
"Team Snipers","1/11/2008 12:57:45 PM","High Ground","Team Slayer","1st","248802857"
"Team Slayer","1/11/2008 12:51:38 PM","Narrows","Team Slayer","1st","248791948"
"HC 2 Flag CTF","1/11/2008 12:41:30 PM","Valhalla","Team Hardcore","2nd","248774136"
"Shotty Snipers","1/11/2008 9:58:57 AM","Narrows","Team Slayer","1st","248590929"
"Team Hammers","1/11/2008 9:49:08 AM","Construct","Multi Team","1st","248582526"
"Team BRs","1/11/2008 9:42:54 AM","Construct","Team Doubles","1st","248577600"
"Team Slayer","1/11/2008 9:35:00 AM","Narrows","Team Doubles","1st","248571483"
"Team Slayer","1/11/2008 9:23:05 AM","Guardian","Team Doubles","1st","248561844"
"Team Slayer","1/11/2008 9:09:02 AM","Isolation","Team Doubles","1st","248551694"
"Team BRs","1/11/2008 8:58:46 AM","The Pit","Team Doubles","1st","248544394"
"Team Slayer","1/11/2008 8:50:18 AM","The Pit","Team Doubles","1st","248538397"
"Team BRs","1/11/2008 8:40:47 AM","Snowbound","Social Slayer","1st","248532446"
"Slayer BRs","1/11/2008 7:21:41 AM","Isolation","Lone Wolves","3rd","248491685"
"Crazy King","1/11/2008 7:07:15 AM","Isolation","Lone Wolves","5th","248485945"
"Slayer","1/11/2008 7:00:11 AM","Snowbound","Lone Wolves","2nd","248483635"
"Shotty Snipers","1/10/2008 3:42:54 PM","High Ground","Team Slayer","2nd","247358963"
"Team Slayer","1/10/2008 3:27:24 PM","Isolation","Team Doubles","1st","247414956"
"Team BRs","1/10/2008 3:17:15 PM","Guardian","Team Doubles","1st","247327472"
"Team Crazy King","1/10/2008 3:04:56 PM","Guardian","Multi Team","4th","247291822"
"Team Crazy King","1/10/2008 2:56:48 PM","Narrows","Multi Team","3rd","247270108"
"Slayer","1/10/2008 5:42:26 AM","Isolation","Rumble Pit","1st","246780672"
"Slayer","1/10/2008 5:42:26 AM","Isolation","Rumble Pit","1st","246760367"
"Slayer","1/10/2008 5:42:26 AM","Isolation","Rumble Pit","1st","246745878"
"Slayer","1/10/2008 5:29:25 AM","Guardian","Rumble Pit","1st","246742650"
"Slayer","1/10/2008 5:26:16 AM","Epitaph","Rumble Pit","2nd","246756895"
"Team BRs","1/9/2008 2:28:56 PM","The Pit","Social Slayer","1st","245505723"
"Team Slayer","1/6/2008 1:41:57 PM","Last Resort","Team Slayer","1st","240624890"
"Team BRs","1/6/2008 1:26:52 PM","Isolation","Team Slayer","1st","240590251"
"Team Slayer","1/6/2008 1:15:01 PM","Isolation","Team Slayer","1st","240567108"
"Team Slayer","1/6/2008 1:05:06 PM","The Pit","Team Slayer","2nd","240545317"
"Team BRs","1/6/2008 12:46:02 PM","Isolation","Team Slayer","1st","240493735"
"Team Slayer","1/6/2008 12:34:48 PM","The Pit","Social Slayer","2nd","240470124"
"Team Snipers","1/6/2008 8:03:04 AM","Last Resort","Team Slayer","1st","240047445"
"Team Slayer","1/6/2008 7:54:58 AM","The Pit","Team Slayer","1st","240039751"
"Swords","1/6/2008 7:44:16 AM","Guardian","Lone Wolves","5th","240030152"
"Crazy King","1/6/2008 7:36:07 AM","The Pit","Lone Wolves","5th","240022963"
"Slayer","1/6/2008 7:26:29 AM","High Ground","Lone Wolves","3rd","240014787"
"Team Slayer","1/6/2008 7:15:53 AM","Guardian","Team Slayer","1st","240006461"
"Team BRs","1/6/2008 6:52:48 AM","High Ground","Team Slayer","1st","239989472"
"Team Slayer","1/6/2008 6:43:14 AM","Last Resort","Social Slayer","2nd","239983080"
"Team Rockets","1/6/2008 6:32:39 AM","Snowbound","Social Slayer","2nd","239975782"
"Big Team Slayer","1/6/2008 6:22:51 AM","Valhalla","Big Team Social","1st","239970136"
"Slayer BRs","1/5/2008 10:08:55 AM","Isolation","Lone Wolves","1st","237731961"
"Team BRs","1/5/2008 9:57:12 AM","Isolation","Team Slayer","1st","237711723"
"Team Snipers","1/5/2008 9:47:23 AM","Narrows","Team Slayer","1st","237696607"
"Team Slayer","1/5/2008 9:39:38 AM","High Ground","Social Slayer","1st","237684526"
"Slayer BRs","1/5/2008 6:16:44 AM","The Pit","Lone Wolves","1st","237524416"
"Team Slayer","1/5/2008 4:46:52 AM","Last Resort","Team Slayer","1st","237477221"
"Team Slayer","1/5/2008 4:33:15 AM","Narrows","Team Slayer","1st","237470433"
"Big Team Slayer","1/5/2008 4:22:56 AM","Sandtrap","Big Team Social","1st","237465539"
"Team BRs","1/4/2008 4:14:52 PM","Last Resort","Team Slayer","1st","236098714"
"Big Team Slayer","1/4/2008 4:01:45 PM","Valhalla","Big Team Social","1st","236077372"
"Big Team Slayer","1/4/2008 3:47:02 PM","Valhalla","Big Team Social","1st","236026777"
"VIP","1/4/2008 6:24:13 AM","Sandtrap","Big Team Social","1st","235189898"
"Team BRs","1/4/2008 6:13:36 AM","Isolation","Team Slayer","2nd","235184441"
"HC Team Slayer","1/4/2008 5:59:18 AM","Snowbound","Team Hardcore","1st","235178085"
"Team Slayer","1/4/2008 5:48:42 AM","The Pit","Social Slayer","1st","235173527"
"Big Team Slayer","1/4/2008 5:35:03 AM","Sandtrap","Big Team Social","1st","235167891"
"Mosh Pit","1/3/2008 3:58:04 PM","Narrows","Rumble Pit","5th","233939064"
"Crazy King","1/3/2008 3:51:56 PM","Guardian","Rumble Pit","6th","233925319"
"Slayer","1/3/2008 3:41:50 PM","Guardian","Lone Wolves","1st","233900145"
"Slayer BRs","1/3/2008 3:30:45 PM","Snowbound","Lone Wolves","3rd","233874091"
"Team Slayer","1/3/2008 3:22:01 PM","Isolation","Team Slayer","2nd","233856980"
"Team Snipers","1/3/2008 3:11:24 PM","Valhalla","Team Slayer","1st","233833555"
"Team BRs","1/3/2008 3:04:13 PM","High Ground","Team Slayer","2nd","233818014"
"VIP","1/3/2008 2:52:50 PM","Valhalla","Big Team Social","1st","233794310"
"Neutral Assault","1/3/2008 12:24:58 PM","Valhalla","Big Team Social","2nd","233509054"
"Neutral Assault","1/3/2008 12:17:30 PM","Sandtrap","Big Team Social","2nd","233474690"
"HC Team Slayer","1/3/2008 12:02:51 PM","Guardian","Team Hardcore","1st","233450614"
"Team Slayer","1/3/2008 11:54:34 AM","Snowbound","Team Slayer","2nd","233436522"
"Team Slayer","1/3/2008 11:44:52 AM","Snowbound","Team Slayer","1st","233430160"
"Team Slayer","1/3/2008 11:35:41 AM","Snowbound","Team Slayer","1st","233411886"
"Team BRs","1/3/2008 11:25:56 AM","The Pit","Team Slayer","1st","233396562"
"Team Slayer","1/3/2008 11:18:52 AM","Snowbound","Team Slayer","2nd","233386463"
"Team BRs","1/3/2008 11:08:38 AM","Snowbound","Team Slayer","1st","233371250"
"Slayer","1/3/2008 4:29:45 AM","The Pit","Lone Wolves","1st","233069589"
"Shotty Snipers","1/3/2008 4:14:19 AM","Valhalla","Team Slayer","2nd","233063630"
"HC Neutral Bomb","1/3/2008 4:00:32 AM","The Pit","Team Hardcore","2nd","233058088"
"Slayer","1/3/2008 3:53:04 AM","Guardian","Lone Wolves","3rd","233054755"
"Team Slayer","1/1/2008 3:55:15 PM","Last Resort","Team Slayer","1st","229646437"
"Team Slayer","1/1/2008 3:42:24 PM","Snowbound","Team Slayer","2nd","229612331"
"Team BRs","1/1/2008 3:27:09 PM","The Pit","Team Slayer","2nd","229576496"
"Swords","1/1/2008 3:12:30 PM","Epitaph","Lone Wolves","3rd","229537594"
"HC Team Slayer","1/1/2008 10:32:10 AM","Snowbound","Team Hardcore","1st","228976681"
"HC Team Oddball","1/1/2008 10:21:30 AM","The Pit","Team Hardcore","1st","228959374"
"VIP","1/1/2008 10:14:33 AM","Guardian","Multi Team","4th","228947829"
"Slayer BRs","1/1/2008 9:53:55 AM","The Pit","Lone Wolves","1st","228916632"
"Slayer","1/1/2008 9:42:14 AM","Guardian","Lone Wolves","2nd","228899896"
"Slayer","1/1/2008 9:32:04 AM","Guardian","Rumble Pit","1st","228886126"
"Slayer","1/1/2008 9:21:07 AM","The Pit","Rumble Pit","1st","228872063"
"VIP","12/30/2007 5:01:17 PM","Valhalla","Multi Team","1st","225436133"
"Team Slayer","12/30/2007 4:17:59 PM","High Ground","Multi Team","1st","225366755"
"Team Duals","12/30/2007 3:42:10 PM","High Ground","Social Slayer","1st","225308471"
"Team Slayer","12/30/2007 3:34:08 PM","Isolation","Social Slayer","2nd","225293657"
"Oddball","12/30/2007 3:22:18 PM","Guardian","Lone Wolves","4th","225273667"
"Team BRs","12/30/2007 11:00:55 AM","Narrows","Social Slayer","2nd","224928730"
"Team Slayer","12/28/2007 1:54:47 PM","Narrows","Team Slayer","2nd","221187034"
"Team Slayer","12/28/2007 1:41:47 PM","Isolation","Team Slayer","2nd","221254517"
"Team Slayer","12/28/2007 1:40:37 PM","Isolation","Team Slayer","1st","221158148"
"Team BRs","12/28/2007 1:28:18 PM","High Ground","Team Slayer","2nd","221132068"
"Team BRs","12/28/2007 1:17:48 PM","Valhalla","Team Slayer","1st","221109969"
"Team BRs","12/28/2007 1:04:41 PM","The Pit","Team Slayer","1st","221082693"
"Team BRs","12/28/2007 12:48:37 PM","Narrows","Team Slayer","1st","221048508"
"Team Slayer","12/28/2007 12:25:04 PM","Narrows","Team Slayer","1st","220999812"
"Team Slayer","12/28/2007 12:13:23 PM","The Pit","Team Slayer","2nd","220976029"
"Slayer","12/28/2007 11:59:38 AM","High Ground","Lone Wolves","1st","220949230"
"Slayer","12/28/2007 11:50:57 AM","Snowbound","Rumble Pit","6th","220932195"
"Slayer BRs","12/28/2007 11:46:09 AM","Epitaph","Lone Wolves","4th","220922046"
"Team BRs","12/27/2007 6:22:05 PM","Snowbound","Team Slayer","2nd","219506385"
"Team BRs","12/27/2007 6:11:17 PM","Snowbound","Team Slayer","1st","219481549"
"Team Slayer","12/27/2007 6:02:48 PM","Last Resort","Team Slayer","2nd","219462146"
"Team Slayer","12/27/2007 5:45:08 PM","Last Resort","Team Slayer","1st","219420559"
"Team Slayer","12/27/2007 4:38:52 PM","Isolation","Team Slayer","1st","219269247"
"Team Slayer","12/27/2007 4:28:36 PM","Isolation","Team Slayer","1st","219245418"
"Team Slayer","12/27/2007 9:56:44 AM","Last Resort","Team Slayer","1st","218432235"
"Shotty Snipers","12/27/2007 9:44:35 AM","High Ground","Team Slayer","1st","218416234"
"Team Slayer","12/27/2007 9:31:13 AM","Narrows","Team Slayer","2nd","218396096"
"Team Slayer","12/27/2007 9:21:13 AM","Last Resort","Team Slayer","1st","218382557"
"Team Slayer","12/27/2007 9:05:06 AM","Construct","Multi Team","1st","218361512"
"Team Slayer","12/27/2007 8:50:39 AM","Construct","Team Slayer","1st","218343882"
"Team BRs","12/27/2007 8:38:20 AM","High Ground","Team Slayer","2nd","218329914"
"Team BRs","12/27/2007 8:25:57 AM","Valhalla","Team Slayer","1st","218316448"
"Shotty Snipers","12/27/2007 8:13:12 AM","Valhalla","Team Slayer","2nd","218303492"
"Team Slayer","12/27/2007 7:50:10 AM","Isolation","Team Slayer","1st","218282019"
"Team Slayer","12/27/2007 7:39:31 AM","The Pit","Team Slayer","1st","218273546"
"Team BRs","12/27/2007 7:27:56 AM","Narrows","Team Slayer","1st","218264449"
"Slayer","12/27/2007 7:14:03 AM","Snowbound","Basic Training","1st","218254011"
"Slayer","12/26/2007 6:22:25 PM","Snowbound","Basic Training","1st","217199691"
"Rocket Race","12/26/2007 6:07:46 PM","Sandtrap","Rocket Race","2nd","217166425"
"Slayer","12/26/2007 6:01:01 PM","Guardian","Basic Training","1st","217151529"
"Slayer","12/26/2007 5:48:05 PM","Guardian","Basic Training","3rd","217124075"
