"game_id","player","player_rank","team","Kills","Assists","Deaths","K/D Spread","Suicides","Betrayals","Score"
781660958,"FLIGHT409","20","Red Team","18","6","10","+8","0","0","18"
781660958,"Sam Jev","20","Red Team","14","6","6","+8","0","0","14"
781660958,"The Truth 12","20","Red Team","10","5","6","+4","0","0","10"
781660958,"XI 5n1p3 XI","20","Red Team","8","2","10","-2","0","0","8"
781660958,"RhineGamer","20","Blue Team","14","3","14","0","0","0","14"
781660958,"Leoshor","20","Blue Team","11","6","26","-15","0","0","11"
781660958,"TSG Biohazard10","20","Blue Team","7","2","8","-1","0","0","6"
781660958,"CruelHit Stick","20","Blue Team","0","1","3","-3","0","0","0"
781659501,"THEGOON32","25","Blue Team","20","2","12","+8","0","0","19"
781659501,"Mr Antagonist","25","Blue Team","14","5","13","+1","0","0","14"
781659501,"SidelingChris","25","Blue Team","13","8","14","-1","0","0","13"
781659501,"cunningbobcat","25","Blue Team","4","6","10","-6","0","0","4"
781659501,"Sam Jev","25","Red Team","15","3","10","+5","0","0","15"
781659501,"Hellfire DS","25","Red Team","14","7","12","+2","0","0","14"
781659501,"The Truth 12","25","Red Team","11","4","13","-2","0","0","11"
781659501,"kill103","25","Red Team","8","3","16","-8","0","0","8"
781658229,"HITMAN JKC","19","Red Team","15","3","6","+9","0","0","15"
781658229,"TyLeNoL o","19","Red Team","15","4","7","+8","0","0","15"
781658229,"ek5000","19","Red Team","10","4","7","+3","0","0","10"
781658229,"Intenseninja124","19","Red Team","11","4","11","0","0","0","10"
781658229,"Sam Jev","19","Blue Team","11","5","10","+1","0","0","11"
781658229,"XxSwordAngelxX","19","Blue Team","8","4","15","-7","0","0","8"
781658229,"The Truth 12","19","Blue Team","6","4","11","-5","0","0","6"
781658229,"jen2912","19","Blue Team","5","4","15","-10","0","0","5"
781663994,"Sam Jev","21","Red Team","14","1","4","+10","0","0","14"
781663994,"StK Zeus","21","Red Team","11","2","7","+4","0","0","11"
781663994,"bluesport1456","21","Red Team","8","3","2","+6","0","0","8"
781663994,"The Truth 12","21","Red Team","7","5","8","-1","0","0","7"
781663994,"duncan53087","21","Blue Team","9","5","18","-9","0","0","9"
781663994,"crosshairZ28","21","Blue Team","4","1","10","-6","0","0","4"
781663994,"darkoandmanson","21","Blue Team","7","1","6","+1","0","0","4"
781663994,"KSI IG0DLY 1V1I","21","Blue Team","2","1","9","-7","0","0","2"
781655615,"MimiCk Iz S1k","22","Red Team","16","2","15","+1","0","0","16"
781655615,"HumalogPen","22","Red Team","13","1","13","0","0","0","13"
781655615,"knar kill21","22","Red Team","12","2","9","+3","0","0","12"
781655615,"smokes002000","22","Red Team","9","2","14","-5","0","0","9"
781655615,"Sam Jev","22","Blue Team","15","1","6","+9","0","0","14"
781655615,"chidonias","22","Blue Team","15","2","19","-4","0","0","14"
781655615,"The Truth 12","22","Blue Team","11","0","12","-1","0","0","11"
781655615,"ITSBrutalHitman","22","Blue Team","10","0","15","-5","0","0","10"
781635114,"Sam Jev","20","Red Team","14","3","3","+11","0","0","14"
781635114,"The Truth 12","20","Red Team","11","4","6","+5","0","0","11"
781635114,"Dr Bendova","20","Red Team","9","1","10","-1","0","0","9"
781635114,"Zraylem","20","Blue Team","9","3","9","0","0","0","9"
781635114,"RazorSharpTalon","20","Blue Team","7","2","10","-3","0","0","6"
781635114,"Hawk 2K4","20","Blue Team","3","2","16","-13","0","0","3"
781633739,"iCrash v2","18","Red Team","29","2","4","+25","0","0","29"
781633739,"Sam Jev","18","Red Team","8","1","5","+3","0","0","8"
781633739,"Captain Big G","18","Red Team","7","5","6","+1","0","0","7"
781633739,"The Truth 12","18","Red Team","6","2","7","-1","0","0","6"
781633739,"BrimX","18","Blue Team","7","1","14","-7","0","0","7"
781633739,"Maggotfarmer","18","Blue Team","6","4","13","-7","0","0","6"
781633739,"smoke2019","18","Blue Team","5","3","12","-7","0","0","5"
781633739,"RHODENCOFFEE","18","Blue Team","4","3","11","-7","0","0","4"
781638608,"Sulldawgg","19","Red Team","16","6","13","+3","0","0","16"
781638608,"OMG MAN123","19","Red Team","11","3","11","0","0","0","11"
781638608,"The Truth 12","19","Red Team","7","1","6","+1","0","0","7"
781638608,"Sam Jev","19","Red Team","7","2","3","+4","0","0","6"
781638608,"CncrSurvivor89","19","Blue Team","13","5","20","-7","0","0","13"
781638608,"x Emerica x 51","19","Blue Team","8","2","8","0","0","0","8"
781638608,"Fr0wned","19","Blue Team","8","3","13","-5","0","0","8"
781638608,"THUNDERD0M3","19","Blue Team","3","0","1","+2","0","0","2"
781630858,"Sam Jev","20","Red Team","14","4","1","+13","0","0","14"
781630858,"The Truth 12","20","Red Team","13","6","5","+8","0","0","13"
781630858,"mesjac","20","Red Team","12","5","9","+3","0","0","12"
781630858,"Sulldawgg","20","Red Team","11","6","11","0","0","0","11"
781630858,"kdfimi3","20","Blue Team","15","5","12","+3","0","0","15"
781630858,"ZombieKitten","20","Blue Team","6","3","17","-11","0","0","6"
781630858,"hndsmdevil731","20","Blue Team","4","0","10","-6","0","0","4"
781630858,"Marlowes LOVE","20","Blue Team","1","0","11","-10","0","0","1"
781635393,"i sh00t u","26","Blue Team","17","7","2","+15","0","0","17"
781635393,"WTK GAMES","26","Blue Team","8","5","6","+2","0","0","8"
781635393,"I d0mEsHoT I","26","Blue Team","6","9","6","0","0","0","6"
781635393,"II JHONSON II","26","Blue Team","6","6","7","-1","0","0","6"
781635393,"MLG XxV1cToRxX","26","Red Team","8","5","13","-5","0","0","8"
781635393,"The Truth 12","26","Red Team","5","1","6","-1","0","0","5"
781635393,"Sam Jev","26","Red Team","5","2","7","-2","0","0","5"
781635393,"Juanjo Pipis","26","Red Team","3","5","11","-8","0","0","3"
781634674,"xxBIG5xx","23","Blue Team","10","4","4","+6","0","0","10"
781634674,"mattman98","23","Blue Team","9","3","0","+9","0","0","9"
781634674,"xXColombian90xX","23","Blue Team","9","2","0","+9","0","0","9"
781634674,"Snaky PapaSquat","23","Blue Team","9","3","7","+2","0","0","9"
781634674,"Sam Jev","23","Red Team","6","1","7","-1","0","0","5"
781634674,"The Truth 12","23","Red Team","2","1","12","-10","0","0","2"
781634674,"strikerscore14","23","Red Team","1","1","15","-14","0","0","1"
781634674,"keepah24","23","Red Team","2","0","8","-6","0","0","-2"
781628319,"Sam Jev","19","Red Team","14","1","4","+10","0","0","14"
781628319,"The Truth 12","19","Red Team","12","0","5","+7","0","0","12"
781628319,"BoSox08","19","Red Team","9","0","14","-5","0","0","9"
781628319,"A19BERGER91A","19","Red Team","3","1","11","-8","0","0","3"
781628319,"SNB Assassin","19","Blue Team","19","0","8","+11","0","0","19"
781628319,"ChiTownsFynest4","19","Blue Team","9","0","17","-8","0","0","9"
781628319,"Manram2467","19","Blue Team","5","0","9","-4","0","0","5"
781628319,"XxiGOODxX","19","Blue Team","1","1","5","-4","0","0","1"
781632417,"The Truth 12","16","Blue Team","9","0","3","+6","0","0","9"
781632417,"Sam Jev","16","Blue Team","4","0","0","+4","0","0","4"
781632417,"growingmoss","16","Blue Team","0","0","0","0","0","0","0"
781632417,"RASweet","16","Red Team","3","1","4","-1","0","0","3"
781632417,"TM0N3Y IS BACK","16","Red Team","1","0","3","-2","0","0","1"
781632417,"Trigger Thumb","16","Red Team","0","0","6","-6","0","0","0"
781626357,"Munts",NA,NA,"25","4","6","+19","0","0","25"
781626357,"UFdanna22",NA,NA,"13","3","10","+3","0","0","12"
781626357,"The Truth 12",NA,NA,"11","4","11","0","0","0","11"
781626357,"CHECKSOCKER",NA,NA,"10","4","14","-4","0","0","10"
781626357,"kroger9014",NA,NA,"10","7","13","-3","0","0","10"
781626357,"FEARLESS0503",NA,NA,"9","3","13","-4","0","0","9"
781626357,"PopAndrew117",NA,NA,"4","3","14","-10","0","0","4"
781626357,"BigBerry51",NA,NA,"1","1","3","-2","0","0","1"
781625727,"JoshyPoo187",NA,NA,"25","3","11","+14","0","0","25"
781625727,"The Truth 12",NA,NA,"22","2","7","+15","0","0","22"
781625727,"colomBiiST",NA,NA,"15","1","11","+4","0","0","15"
781625727,"watthefucf",NA,NA,"12","0","15","-3","0","0","12"
781625727,"dX N1GHTMAR3 Xb",NA,NA,"11","2","15","-4","0","0","11"
781625727,"DylWeed09",NA,NA,"7","2","11","-4","0","0","7"
781625727,"o FuRiOuS UK o",NA,NA,"5","3","17","-12","0","0","5"
781625727,"XxTxHoustonxX",NA,NA,"0","0","14","-14","0","0","-4"
781575960,"ReconSniper0227","8","Blue Team","19","3","11","+8","0","0","19"
781575960,"XxNotladxX","8","Blue Team","18","4","11","+7","0","0","17"
781575960,"IrishDestroyer2","8","Blue Team","10","3","6","+4","0","0","9"
781575960,"SS SC SlayerBob","8","Blue Team","0","0","0","0","0","0","0"
781575960,"OUF OUFS","8","Red Team","20","1","21","-1","0","0","20"
781575960,"meg93","8","Red Team","6","7","26","-20","0","0","6"
781575960,"Sam Jev","8","Red Team","0","0","0","0","0","0","0"
781575960,"The Truth 12","8","Red Team","0","0","0","0","0","0","0"
781571600,"SpartanPinata","21","Red Team","12","1","5","+7","0","0","12"
781571600,"ma minzzle","21","Red Team","12","3","10","+2","0","0","12"
781571600,"Evanescence 628","21","Red Team","6","1","4","+2","0","0","6"
781571600,"paintrainchuchu","21","Red Team","3","2","2","+1","0","0","3"
781571600,"NitrousZetzway","21","Blue Team","11","3","15","-4","0","0","11"
781571600,"xITZ MARCUSx23","21","Blue Team","7","4","18","-11","0","0","7"
781571600,"The Truth 12","21","Blue Team","2","0","0","+2","0","0","2"
781571600,"Sam Jev","21","Blue Team","1","4","0","+1","0","0","1"
781570469,"VVV Lippakorv","3","Red Team","19","8","10","+9","0","0","19"
781570469,"ITISMEUC","3","Red Team","13","6","14","-1","0","0","13"
781570469,"MostFille","3","Red Team","11","4","7","+4","0","0","11"
781570469,"o T R i P P Y x","3","Red Team","7","1","14","-7","0","0","7"
781570469,"xvGETPWNEDvx","3","Blue Team","15","6","23","-8","0","0","15"
781570469,"Budgens","3","Blue Team","13","5","15","-2","0","0","13"
781570469,"Sam Jev","3","Blue Team","10","7","9","+1","0","0","9"
781570469,"The Truth 12","3","Blue Team","7","0","4","+3","0","0","7"
781569020,"ladylubekitty67","20","Red Team","17","7","7","+10","0","0","17"
781569020,"x Lollar","20","Red Team","12","6","10","+2","0","0","12"
781569020,"The EnFoRcEr 76","20","Red Team","12","6","14","-2","0","0","12"
781569020,"Quik2Dapunch187","20","Red Team","9","4","14","-5","0","0","9"
781569020,"HolyGreyBeard","20","Blue Team","16","5","18","-2","0","0","15"
781569020,"so cal soldiers","20","Blue Team","15","7","18","-3","0","0","15"
781569020,"Sam Jev","20","Blue Team","12","4","13","-1","0","0","12"
781569020,"The Truth 12","20","Blue Team","2","3","2","0","0","0","2"
781567937,"TNorm18","21","Red Team","20","3","8","+12","0","0","19"
781567937,"Platypus2","21","Red Team","16","6","9","+7","0","0","16"
781567937,"Sam Jev","21","Red Team","8","1","3","+5","0","0","8"
781567937,"The Truth 12","21","Red Team","7","2","4","+3","0","0","7"
781567937,"KoG SnyperPrO","21","Blue Team","11","1","8","+3","0","0","11"
781567937,"Poopscooper","21","Blue Team","6","3","14","-8","0","0","6"
781567937,"ROLLIE","21","Blue Team","5","1","13","-8","0","0","5"
781567937,"Capi7ana","21","Blue Team","1","1","16","-15","0","0","1"
781567100,"iTz iSloth Yu","21","Red Team","19","5","9","+10","0","0","19"
781567100,"Gunrunner1986","21","Red Team","13","4","9","+4","0","0","13"
781567100,"The Truth 12","21","Red Team","9","7","5","+4","0","0","9"
781567100,"Sam Jev","21","Red Team","9","8","7","+2","0","0","9"
781567100,"so cal soldiers","21","Blue Team","11","7","19","-8","0","0","11"
781567100,"Jae Grrz","21","Blue Team","10","3","10","0","0","0","10"
781567100,"D2SMD","21","Blue Team","8","5","14","-6","0","0","8"
781567100,"Samus VS World","21","Blue Team","1","5","7","-6","0","0","1"
781570665,"l Banjo l","21","Blue Team","0","0","0","0","0","0","0"
781570665,"Local 3 Bricky","21","Blue Team","0","0","0","0","0","0","0"
781570665,"Oof2","21","Blue Team","0","0","0","0","0","0","0"
781570665,"Dhem Ooba Hax","21","Blue Team","0","0","0","0","0","0","0"
781570665,"Sam Jev","21","Red Team","0","0","0","0","0","0","0"
781570665,"bacon44","21","Red Team","0","0","0","0","0","0","0"
781570665,"The Truth 12","21","Red Team","0","0","0","0","0","0","0"
781570665,"COMA Black 01","21","Red Team","0","0","0","0","0","0","0"
781564976,"LuciferACE","19","Red Team","14","5","9","+5","0","0","14"
781564976,"RAYBABY32641","19","Red Team","14","6","12","+2","0","0","14"
781564976,"Chew Tha Bullet","19","Red Team","12","5","9","+3","0","0","12"
781564976,"dbaby32641","19","Red Team","10","0","11","-1","0","0","10"
781564976,"Sam Jev","19","Blue Team","16","3","9","+7","0","0","16"
781564976,"onlinehawker","19","Blue Team","9","5","14","-5","0","0","9"
781564976,"The Truth 12","19","Blue Team","8","2","11","-3","0","0","8"
781564976,"Agent Mclovin","19","Blue Team","8","7","16","-8","0","0","8"
781569199,"UPG SUICID3","22","Red Team","12","0","9","+3","0","0","12"
781569199,"xXsoulXx666","22","Red Team","9","0","7","+2","0","0","9"
781569199,"The Truth 12","22","Red Team","7","0","5","+2","0","0","7"
781569199,"Sam Jev","22","Red Team","4","0","3","+1","0","0","4"
781569199,"I Warbz I","22","Blue Team","8","0","6","+2","0","0","7"
781569199,"greatpinkyringy","22","Blue Team","7","3","10","-3","0","0","7"
781569199,"RudeThe Hunt3r","22","Blue Team","6","1","9","-3","0","0","6"
781569199,"INFAMOUSMONEY3","22","Blue Team","3","1","8","-5","0","0","3"
781562224,"XI WAST3D IX","13","Blue Team","22","4","14","+8","0","0","22"
781562224,"IVI Smite IVI","13","Blue Team","15","1","9","+6","0","0","15"
781562224,"TheDukaScrub","13","Blue Team","13","4","9","+4","0","0","13"
781562224,"Sam Jev","13","Red Team","18","2","10","+8","0","0","18"
781562224,"Rdog 11","13","Red Team","9","5","22","-13","0","0","8"
781562224,"The Truth 12","13","Red Team","5","3","19","-14","0","0","5"
781560770,"The Truth 12","2","Blue Team","18","1","13","+5","0","0","18"
781560770,"Sam Jev","2","Blue Team","11","5","8","+3","0","0","11"
781560770,"redrider247","2","Red Team","11","3","14","-3","0","0","11"
781560770,"DoABarrelRollFx","2","Red Team","10","2","15","-5","0","0","10"
781470421,"The Truth 12",NA,"Red Team","24","2","13","+11","0","0","24"
781470421,"Saleen43",NA,"Red Team","16","1","12","+4","0","0","16"
781470421,"Mrbeefy87",NA,"Red Team","2","0","3","-1","0","0","2"
781470421,"Hitstick88",NA,"Red Team","0","1","1","-1","0","0","-1"
781470421,"I Khanvikt I",NA,"Blue Team","12","3","9","+3","0","0","12"
781470421,"SunDevil33",NA,"Blue Team","9","0","11","-2","0","0","9"
781470421,"cant catch dis",NA,"Blue Team","7","2","18","-11","0","0","7"
781470421,"cant catch dis(G)",NA,"Blue Team","0","0","5","-5","0","0","-1"
781468999,"combatkillface",NA,"Red Team","19","0","11","+8","0","0","19"
781468999,"XanaX huber420",NA,"Red Team","19","0","10","+9","0","0","18"
781468999,"PEEPZ SAY WHAT",NA,"Red Team","15","0","14","+1","0","0","15"
781468999,"MLG GuNsiK",NA,"Red Team","1","0","3","-2","0","0","-2"
781468999,"Stu I Xantim",NA,"Blue Team","12","1","16","-4","0","0","12"
781468999,"zMagni",NA,"Blue Team","9","0","18","-9","0","0","9"
781468999,"The Truth 12",NA,"Blue Team","9","1","11","-2","0","0","8"
781468999,"Saleen43",NA,"Blue Team","4","1","10","-6","0","0","4"
781468074,"BABYGiRll SRP","17","Red Team","18","0","10","+8","0","0","18"
781468074,"trivium18","17","Red Team","15","2","14","+1","0","0","15"
781468074,"Ghost2781","17","Red Team","11","1","10","+1","0","0","11"
781468074,"Sneaktech","17","Red Team","6","2","9","-3","0","0","6"
781468074,"sir wangchung","17","Blue Team","17","2","14","+3","0","0","17"
781468074,"blurryshadow91","17","Blue Team","11","1","18","-7","0","0","11"
781468074,"The Truth 12","17","Blue Team","11","0","13","-2","0","0","10"
781468074,"Game Assasin X","17","Blue Team","4","0","6","-2","0","0","4"
781466634,"GODLYGIZMO","16","Blue Team","16","3","9","+7","0","0","16"
781466634,"BradPizzle","16","Blue Team","14","3","16","-2","0","0","14"
781466634,"Local 3 Bricky","16","Blue Team","10","1","16","-6","0","0","10"
781466634,"The Truth 12","16","Blue Team","10","2","7","+3","0","0","10"
781466634,"hitman killin","16","Red Team","19","4","14","+5","0","0","19"
781466634,"Gibson Boiz","16","Red Team","16","1","19","-3","0","0","16"
781466634,"sir wangchung","16","Red Team","9","1","13","-4","0","0","9"
781466634,"halo 3 suxs","16","Red Team","4","1","4","0","0","0","4"
781465425,"IsFiction","15","Red Team","25","1","8","+17","0","0","25"
781465425,"NYz ASSASSINz","15","Red Team","12","2","7","+5","0","0","12"
781465425,"F0R ALL MANKiND","15","Red Team","8","0","7","+1","0","0","8"
781465425,"TH3 UNKNOWN PRO","15","Red Team","5","2","11","-6","0","0","5"
781465425,"BradPizzle","15","Blue Team","16","1","24","-8","0","0","16"
781465425,"The Truth 12","15","Blue Team","12","1","11","+1","0","0","12"
781465425,"def2108","15","Blue Team","4","0","14","-10","0","0","4"
781465425,"benum66","15","Blue Team","1","0","1","0","0","0","1"
781464320,"Unknown Hakeem","15","Red Team","22","0","11","+11","0","0","22"
781464320,"Pick5","15","Red Team","13","1","11","+2","0","0","13"
781464320,"xXxTheRight1xXx","15","Red Team","9","4","12","-3","0","0","9"
781464320,"The Truth 12","15","Red Team","6","0","10","-4","0","0","6"
781464320,"AvianSniper OPS","15","Blue Team","19","2","21","-2","0","0","18"
781464320,"Mega Hurts 101","15","Blue Team","12","8","16","-4","0","0","12"
781464320,"Rebel5overlord","15","Blue Team","13","4","15","-2","0","0","12"
781464320,"DA JUGERNAUT23","15","Blue Team","0","0","0","0","0","0","0"
781462899,"twiliteassassin","17","Blue Team","20","1","13","+7","0","0","20"
781462899,"DA JUGERNAUT23","17","Blue Team","15","2","10","+5","0","0","15"
781462899,"JnyHB30","17","Blue Team","11","3","9","+2","0","0","11"
781462899,"FRED2007V","17","Blue Team","4","2","11","-7","0","0","4"
781462899,"I K4MUS I","17","Red Team","17","2","13","+4","0","0","17"
781462899,"Dr Aupolisc","17","Red Team","12","1","13","-1","0","0","12"
781462899,"The Truth 12","17","Red Team","10","1","10","0","0","0","10"
781462899,"FupaSlap5","17","Red Team","4","1","14","-10","0","0","4"
781462099,"Maj Tw1g","19","Red Team","21","3","8","+13","0","0","21"
781462099,"BS iTz Big K","19","Red Team","15","0","8","+7","0","0","15"
781462099,"JrGangsta1996","19","Red Team","9","2","15","-6","0","0","9"
781462099,"SHABAMSKY","19","Red Team","5","2","8","-3","0","0","5"
781462099,"sir wangchung","19","Blue Team","16","0","13","+3","0","0","16"
781462099,"MLG BurstSh0tz","19","Blue Team","15","2","16","-1","0","0","15"
781462099,"BackOfUrMouth","19","Blue Team","7","3","21","-14","0","0","7"
781462099,"The Truth 12","19","Blue Team","1","0","0","+1","0","0","1"
781462034,"MarkedFla killa",NA,"Blue Team","25","1","13","+12","0","0","25"
781462034,"phopholophagus",NA,"Blue Team","11","2","13","-2","0","0","11"
781462034,"iP0000d",NA,"Blue Team","6","0","6","0","0","0","6"
781462034,"phopholophagus(G)",NA,"Blue Team","0","0","3","-3","0","0","0"
781462034,"meeAMnoob",NA,"Red Team","27","0","6","+21","0","0","27"
781462034,"rekabdivad(G)",NA,"Red Team","6","0","16","-10","0","0","6"
781462034,"rekabdivad",NA,"Red Team","2","1","19","-17","0","0","2"
781462034,"The Truth 12",NA,"Red Team","0","0","1","-1","0","0","0"
781460728,"NastyNames",NA,"Red Team","19","0","5","+14","0","0","19"
781460728,"RANCID APE",NA,"Red Team","15","0","11","+4","0","0","15"
781460728,"The Truth 12",NA,"Red Team","15","1","4","+11","0","0","15"
781460728,"XtReMe x Sh0tZz",NA,"Red Team","1","0","3","-2","0","0","1"
781460728,"rekabdivad(G)",NA,"Blue Team","9","0","19","-10","0","0","9"
781460728,"rekabdivad",NA,"Blue Team","7","0","16","-9","0","0","7"
781460728,"Cooooon Killaaa",NA,"Blue Team","4","1","6","-2","0","0","4"
781460728,"BLACK I ABYSS",NA,"Blue Team","3","2","9","-6","0","0","3"
781323460,"The Truth 12",NA,NA,"22","2","4","+18","0","0","22"
781323460,"Bmoney B H8TE",NA,NA,"11","1","7","+4","0","0","11"
781323460,"yogurt shoooter",NA,NA,"7","0","9","-2","0","0","7"
781323460,"SLY VIXEN93",NA,NA,"4","3","12","-8","0","0","4"
781323460,"Bmoney B H8TE(G)",NA,NA,"4","0","6","-2","0","0","4"
781323460,"fradamar",NA,NA,"3","3","13","-10","0","0","3"
781323350,"SACREDSINNER","20","Red Team","18","0","2","+16","0","0","18"
781323350,"cat police","20","Red Team","1","2","4","-3","0","0","1"
781323350,"SMKNDATDRO","20","Red Team","0","0","4","-4","0","0","0"
781323350,"The Truth 12","20","Blue Team","6","0","5","+1","0","0","6"
781323350,"TokenBlackGuy4U","20","Blue Team","3","0","8","-5","0","0","3"
781323350,"V13T Z3R0","20","Blue Team","1","0","6","-5","0","0","1"
781323220,"PR0NASTY NATE","17","Blue Team","17","0","12","+5","0","0","17"
781323220,"RunawayRyan","17","Blue Team","12","3","10","+2","0","0","12"
781323220,"FuGaL DoUgH","17","Blue Team","12","3","13","-1","0","0","12"
781323220,"The Truth 12","17","Blue Team","9","1","7","+2","0","0","9"
781323220,"SaMuRai ChiCanO","17","Red Team","17","0","14","+3","0","0","17"
781323220,"V13T Z3R0","17","Red Team","12","4","10","+2","0","0","12"
781323220,"TokenBlackGuy4U","17","Red Team","7","0","11","-4","0","0","7"
781323220,"ROUNDERS8212","17","Red Team","6","3","15","-9","0","0","6"
781323141,"The Truth 12",NA,NA,"22","2","19","+3","0","0","22"
781323141,"Bmoney B H8TE",NA,NA,"21","2","13","+8","0","0","21"
781323141,"FLEECEJACKET8",NA,NA,"19","7","20","-1","0","0","19"
781323141,"Cve77",NA,NA,"12","1","8","+4","0","0","12"
781323141,"EVlL toiletH20",NA,NA,"11","8","15","-4","0","0","11"
781323141,"TWEEK130",NA,NA,"11","4","16","-5","0","0","11"
781323141,"toiletH20",NA,NA,"9","2","14","-5","0","0","9"
781323013,"MEMPZ UK","14","Blue Team","14","1","11","+3","0","0","14"
781323013,"SaMuRai ChiCanO","14","Blue Team","13","0","10","+3","0","0","13"
781323013,"Call me chujec","14","Blue Team","10","1","6","+4","0","0","10"
781323013,"Sir Boba","14","Blue Team","8","1","10","-2","0","0","8"
781323013,"SFxGeTxSTuK","14","Red Team","19","1","17","+2","0","0","18"
781323013,"i Pikku J","14","Red Team","9","0","10","-1","0","0","9"
781323013,"The Truth 12","14","Red Team","7","1","13","-6","0","0","7"
781323013,"Albo Iz Geeky","14","Red Team","2","2","6","-4","0","0","2"
781265950,"dirt19",NA,NA,"19","0","13","+6","0","0","19"
781265950,"The Truth 12",NA,NA,"19","2","13","+6","0","0","19"
781265950,"H20DAWG",NA,NA,"15","0","10","+5","0","0","15"
781265950,"Yo Grossy",NA,NA,"14","0","13","+1","0","0","14"
781265950,"Yo Grossy(G)",NA,NA,"8","0","11","-3","0","0","8"
781265950,"SacredBUBBA",NA,NA,"7","1","14","-7","0","0","7"
781265950,"SacredBUBBA(G)",NA,NA,"4","0","15","-11","0","0","4"
781265088,"Magus01l(G)",NA,NA,"25","0","4","+21","0","0","25"
781265088,"Yo Grossy",NA,NA,"14","4","12","+2","0","0","14"
781265088,"The Truth 12",NA,NA,"12","3","11","+1","0","0","12"
781265088,"gunther206",NA,NA,"10","4","9","+1","0","0","10"
781265088,"Magus01l(G)",NA,NA,"9","5","13","-4","0","0","9"
781265088,"TripScully",NA,NA,"6","2","11","-5","0","0","6"
781265088,"Magus01l",NA,NA,"5","2","15","-10","0","0","5"
781265088,"Yo Grossy(G)",NA,NA,"4","3","10","-6","0","0","4"
781264095,"lll Duce",NA,"Red Team","17","1","9","+8","0","0","17"
781264095,"SuperSquirrelJr",NA,"Red Team","15","2","10","+5","0","0","15"
781264095,"lll Duce(G)",NA,"Red Team","14","0","10","+4","0","0","14"
781264095,"lll Duce(G)",NA,"Red Team","4","1","10","-6","0","0","4"
781264095,"The Truth 12",NA,"Blue Team","22","1","11","+11","0","0","22"
781264095,"x6 Deepx",NA,"Blue Team","8","0","12","-4","0","0","7"
781264095,"Seanyboy1536",NA,"Blue Team","5","2","11","-6","0","0","5"
781264095,"x6 Deepx(G)",NA,"Blue Team","4","3","18","-14","0","0","3"
781263013,"Halrey 48","7","Red Team","23","1","23","0","0","0","21"
781263013,"Orange Magic","7","Red Team","19","0","4","+15","0","0","19"
781263013,"gilby4thew","7","Red Team","10","2","8","+2","0","0","10"
781263013,"RaHoWaClint56","7","Red Team","0","0","5","-5","0","0","0"
781263013,"Halftone Hero","7","Blue Team","14","2","14","0","0","0","14"
781263013,"The Truth 12","7","Blue Team","13","3","17","-4","0","0","13"
781263013,"NinthMacho007","7","Blue Team","9","2","13","-4","0","0","8"
781263013,"VICTIM69","7","Blue Team","2","0","9","-7","0","0","2"
781261767,"Avalanche VT","9","Red Team","4","2","2","+2","0","0","2"
781261767,"BRXPLAIM","9","Red Team","5","1","3","+2","0","0","1"
781261767,"KuLp E","9","Red Team","8","2","0","+8","0","0","0"
781261767,"The Truth 12","9","Red Team","2","3","3","-1","0","0","0"
781261767,"BAYAREA POLYZ55","9","Blue Team","0","2","5","-5","0","0","0"
781261767,"ActivatedAlmond","9","Blue Team","3","0","3","0","0","0","0"
781261767,"PMan 3","9","Blue Team","1","0","5","-4","0","0","0"
781261767,"IxI DaCorE IxI","9","Blue Team","3","1","6","-3","0","0","0"
781261089,"l CaPaCiTy l","15","Red Team","20","2","15","+5","0","0","20"
781261089,"Pyrotechfan666","15","Red Team","13","4","12","+1","0","0","13"
781261089,"oUt0F theMAp","15","Red Team","10","0","3","+7","0","0","9"
781261089,"PlP BOY 3OOO","15","Red Team","4","0","4","0","0","0","4"
781261089,"BECKESS16","15","Blue Team","14","0","19","-5","0","0","14"
781261089,"Sstonewall","15","Blue Team","9","0","9","0","0","0","9"
781261089,"The Truth 12","15","Blue Team","7","2","9","-2","0","0","7"
781261089,"NxU EyeAmGod","15","Blue Team","3","1","10","-7","0","0","3"
781259797,"LaxSniper","16","Blue Team","19","0","8","+11","0","0","19"
781259797,"POOMBEAR","16","Blue Team","15","2","8","+7","0","0","15"
781259797,"The Truth 12","16","Blue Team","9","2","6","+3","0","0","9"
781259797,"zombiebecraking","16","Blue Team","4","2","9","-5","0","0","4"
781259797,"alanhellraiser","16","Red Team","15","2","13","+2","0","0","15"
781259797,"BIO SIRTKE","16","Red Team","14","1","21","-7","0","0","14"
781259797,"FORTHRITE","16","Red Team","1","0","3","-2","0","0","1"
781259797,"Brig Grade 3","16","Red Team","1","1","9","-8","0","0","1"
781258483,"THE BIG Ex25","19","Blue Team","24","3","20","+4","0","0","24"
781258483,"RGarrity07","19","Blue Team","16","1","6","+10","0","0","16"
781258483,"The Truth 12","19","Blue Team","11","4","12","-1","0","0","10"
781258483,"Clemente1021","19","Blue Team","0","0","0","0","0","0","0"
781258483,"Raw Talent202","19","Red Team","13","2","11","+2","0","0","13"
781258483,"KingCoschte","19","Red Team","10","2","14","-4","0","0","10"
781258483,"CleverTurtle101","19","Red Team","8","1","12","-4","0","0","7"
781258483,"centralcorpse","19","Red Team","6","1","15","-9","0","0","6"
781241041,"ArmedCrazynasty",NA,"Red Team","28","1","16","+12","0","0","28"
781241041,"RIGHT NOW78",NA,"Red Team","18","1","15","+3","0","0","18"
781241041,"RIGHT NOW78(G)",NA,"Red Team","4","2","8","-4","0","0","4"
781241041,"The Truth 12",NA,"Blue Team","27","1","8","+19","0","0","27"
781241041,"SR5 HILUX",NA,"Blue Team","7","1","16","-9","0","0","7"
781241041,"STEEL ARMS",NA,"Blue Team","3","2","12","-9","0","0","3"
781241041,"STEEL ARMS(G)",NA,"Blue Team","2","2","14","-12","0","0","2"
781240954,"Question5(G)",NA,"Red Team","18","1","1","+17","0","0","17"
781240954,"RancidTen",NA,"Red Team","15","3","4","+11","0","0","15"
781240954,"XxJxOxNxExSxX",NA,"Red Team","12","3","14","-2","0","0","12"
781240954,"Halonerd14",NA,"Red Team","6","2","5","+1","0","0","6"
781240954,"Question5",NA,"Red Team","6","4","8","-2","0","0","6"
781240954,"CrushedIball",NA,"Red Team","5","4","8","-3","0","0","4"
781240954,"J3MB0",NA,"Red Team","4","1","11","-7","0","0","4"
781240954,"KeRiZzLe",NA,"Red Team","2","2","2","0","0","0","2"
781240954,"wilmer300",NA,"Blue Team","18","2","12","+6","0","0","17"
781240954,"GrumpierSHOW",NA,"Blue Team","9","4","10","-1","0","0","9"
781240954,"MR K 250",NA,"Blue Team","6","4","12","-6","0","0","6"
781240954,"The Truth 12",NA,"Blue Team","6","2","9","-3","0","0","6"
781240954,"LopezSharpShot8",NA,"Blue Team","6","0","11","-5","0","0","5"
781240954,"isaac62",NA,"Blue Team","4","3","9","-5","0","0","4"
781240954,"fantome du 88(G)",NA,"Blue Team","2","0","3","-1","0","0","1"
781240954,"fantome du 88",NA,"Blue Team","0","0","5","-5","0","0","0"
781240845,"poetofdeth",NA,NA,"25","4","14","+11","0","0","25"
781240845,"crackasteezeC32",NA,NA,"21","6","14","+7","0","0","21"
781240845,"TanksShootBombs",NA,NA,"13","6","14","-1","0","0","13"
781240845,"The Truth 12",NA,NA,"10","4","14","-4","0","0","10"
781240845,"slim4000",NA,NA,"8","7","16","-8","0","0","8"
781240845,"TanksShootBombs(G)",NA,NA,"7","2","12","-5","0","0","7"
781240780,"i eagles xxxxxx",NA,NA,"25","2","5","+20","0","0","25"
781240780,"TanksShootBombs",NA,NA,"15","0","9","+6","0","0","15"
781240780,"The Truth 12",NA,NA,"13","2","11","+2","0","0","13"
781240780,"TanksShootBombs(G)",NA,NA,"10","2","12","-2","0","0","10"
781240780,"dirtrider35",NA,NA,"6","1","12","-6","0","0","6"
781240780,"ms killer 90",NA,NA,"4","1","3","+1","0","0","4"
781240780,"Skynet057",NA,NA,"2","5","16","-14","0","0","2"
781240780,"DownhillBoyd",NA,NA,"0","1","7","-7","0","0","0"
781239183,"die emo die die","20","Red Team","21","0","10","+11","0","0","21"
781239183,"HaYn Stylin 808","20","Red Team","12","1","10","+2","0","0","12"
781239183,"MeAgainLoser","20","Red Team","8","0","2","+6","0","0","8"
781239183,"Sultanofswat89","20","Red Team","3","0","8","-5","0","0","3"
781239183,"jimijamr","20","Blue Team","11","1","16","-5","0","0","11"
781239183,"Grank Carrion","20","Blue Team","9","0","14","-5","0","0","9"
781239183,"The Truth 12","20","Blue Team","7","2","6","+1","0","0","7"
781239183,"The OSHMANs","20","Blue Team","2","1","9","-7","0","0","1"
781239817,"FilthyMongol69","21","Blue Team","3","0","0","+3","0","0","3"
781239817,"The Truth 12","21","Blue Team","0","0","0","0","0","0","0"
781239817,"effreyjsioux","21","Blue Team","0","1","0","0","0","0","0"
781239817,"Matt CaIhoun","21","Red Team","0","0","0","0","0","0","0"
781239817,"Matt Calhoun","21","Red Team","0","0","0","0","0","0","0"
781239817,"LK5","21","Red Team","0","0","3","-3","0","0","0"
781238837,"RobZilla1975","21","Blue Team","16","2","22","-6","0","0","16"
781238837,"WrierMike","21","Blue Team","15","2","11","+4","0","0","15"
781238837,"MeAgainLoser","21","Blue Team","10","1","3","+7","0","0","10"
781238837,"The Truth 12","21","Blue Team","9","1","7","+2","0","0","9"
781238837,"dirtrider35","21","Red Team","16","0","16","0","0","0","16"
781238837,"mikejn","21","Red Team","12","3","3","+9","0","0","12"
781238837,"Standandeliver","21","Red Team","10","3","20","-10","0","0","10"
781238837,"bigbird33gg","21","Red Team","5","2","11","-6","0","0","5"
781238601,"Des3rt FoX",NA,"Red Team","15","1","11","+4","0","0","15"
781238601,"TripleA1525",NA,"Red Team","14","2","12","+2","0","0","14"
781238601,"b0bbark3r1",NA,"Red Team","12","0","13","-1","0","0","12"
781238601,"The Truth 12",NA,"Red Team","9","1","12","-3","0","0","9"
781238601,"cronicka",NA,"Blue Team","28","1","16","+12","0","0","28"
781238601,"UseableCracker",NA,"Blue Team","13","2","22","-9","0","0","13"
781238601,"iTz WinkS",NA,"Blue Team","7","0","12","-5","0","0","7"
781165525,"ll DaNNy P ll",NA,NA,"25","0","8","+17","0","0","25"
781165525,"Choke ltz Smoke",NA,NA,"18","1","10","+8","0","0","18"
781165525,"ioksotot",NA,NA,"5","0","10","-5","0","0","5"
781165525,"watugot22",NA,NA,"2","3","9","-7","0","0","2"
781165525,"The Truth 12",NA,NA,"1","0","6","-5","0","0","1"
781165525,"JJD SgtDag42",NA,NA,"1","0","9","-8","0","0","1"
781165525,"RiKaShEy",NA,NA,"0","0","0","0","0","0","0"
781165525,"Snake 242",NA,NA,"0","0","0","0","0","0","0"
781165431,"play play",NA,NA,"25","3","4","+21","0","0","25"
781165431,"Purple0wnes",NA,NA,"11","1","6","+5","0","0","11"
781165431,"KI11 YOU I WIll",NA,NA,"9","3","13","-4","0","0","9"
781165431,"FirmEastcoast",NA,NA,"6","1","6","0","0","0","6"
781165431,"MuDskull18",NA,NA,"5","4","13","-8","0","0","5"
781165431,"Saltydog8720(G)",NA,NA,"5","1","8","-3","0","0","5"
781165431,"Saltydog8720",NA,NA,"5","2","11","-6","0","0","4"
781165431,"The Truth 12",NA,NA,"4","3","10","-6","0","0","4"
781165342,"play play",NA,NA,"25","4","9","+16","0","0","25"
781165342,"UnfittingDeath",NA,NA,"17","4","9","+8","0","0","17"
781165342,"ioksotot",NA,NA,"15","2","11","+4","0","0","15"
781165342,"nL Exalted",NA,NA,"10","5","14","-4","0","0","10"
781165342,"SF2dieHARD",NA,NA,"8","4","11","-3","0","0","8"
781165342,"KI11 YOU I WIll",NA,NA,"8","4","14","-6","0","0","8"
781165342,"The Truth 12",NA,NA,"6","2","12","-6","0","0","6"
781165342,"HaXiCaN 13",NA,NA,"4","4","13","-9","0","0","4"
781165288,"play play",NA,NA,"25","8","9","+16","0","0","25"
781165288,"nL Exalted",NA,NA,"21","6","10","+11","0","0","21"
781165288,"Slimjim367",NA,NA,"19","4","14","+5","0","0","19"
781165288,"VenerableDerek",NA,NA,"12","5","18","-6","0","0","12"
781165288,"BlackEnterprise",NA,NA,"12","6","17","-5","0","0","12"
781165288,"The Truth 12",NA,NA,"9","4","18","-9","0","0","9"
781165288,"fooshi",NA,NA,"6","2","13","-7","0","0","6"
781165288,"MajorityUnknown",NA,NA,"3","4","8","-5","0","0","3"
781165930,"NextToGodly v2",NA,NA,"24","2","12","+12","0","0","24"
781165930,"Choke ltz Smoke",NA,NA,"18","1","13","+5","0","0","18"
781165930,"The Truth 12",NA,NA,"12","0","12","0","0","0","12"
781165930,"Limnation70",NA,NA,"8","0","15","-7","0","0","8"
781165930,"PDOGG669",NA,NA,"8","0","7","+1","0","0","8"
781165930,"Stu1994",NA,NA,"2","0","2","0","0","0","2"
781165930,"jason71311",NA,NA,"2","0","10","-8","0","0","2"
781165930,"Stu1994(G)",NA,NA,"0","0","3","-3","0","0","0"
781086379,"halogod122",NA,NA,"25","1","7","+18","0","0","25"
781086379,"The Truth 12",NA,NA,"13","1","6","+7","0","0","13"
781086379,"xFireball 101x",NA,NA,"8","3","13","-5","0","0","8"
781086379,"The Truth 12(G)",NA,NA,"6","6","8","-2","0","0","6"
781086379,"I T3MPT4T1ON I",NA,NA,"6","5","11","-5","0","0","6"
781086379,"I T3MPT4T1ON I(G)",NA,NA,"0","2","13","-13","0","0","0"
781086320,"iTz x Sh0wTiiM3",NA,NA,"25","2","8","+17","0","0","25"
781086320,"WetDonut",NA,NA,"21","4","12","+9","0","0","21"
781086320,"Bramblec1aw",NA,NA,"16","4","14","+2","0","0","16"
781086320,"The Truth 12",NA,NA,"13","5","15","-2","0","0","13"
781086320,"I T3MPT4T1ON I",NA,NA,"13","3","18","-5","0","0","13"
781086320,"The Truth 12(G)",NA,NA,"10","6","18","-8","0","0","10"
781086320,"Ninja AndyD",NA,NA,"1","0","2","-1","0","0","1"
781086320,"I T3MPT4T1ON I(G)",NA,NA,"1","1","13","-12","0","0","1"
781086213,"king 6969",NA,NA,"22","1","21","+1","0","0","22"
781086213,"The Truth 12",NA,NA,"21","2","16","+5","0","0","21"
781086213,"XTWBX CLUTCH",NA,NA,"20","5","17","+3","0","0","20"
781086213,"PULU LULU",NA,NA,"16","5","18","-2","0","0","16"
781086213,"The Truth 12(G)",NA,NA,"12","6","16","-4","0","0","12"
781086213,"WiR3dx",NA,NA,"2","0","3","-1","0","0","2"
781086213,"Ninja AndyD",NA,NA,"1","2","3","-2","0","0","1"
781086213,"Nouveau Jim O",NA,NA,"0","0","1","-1","0","0","-1"
781086078,"DizzleWit",NA,NA,"25","2","13","+12","0","0","25"
781086078,"rush 454",NA,NA,"24","0","13","+11","0","0","24"
781086078,"DizzleWit(G)",NA,NA,"19","1","14","+5","0","0","19"
781086078,"Erica Su",NA,NA,"17","2","15","+2","0","0","17"
781086078,"StinkyBone",NA,NA,"10","0","9","+1","0","0","10"
781086078,"The Truth 12",NA,NA,"8","2","12","-4","0","0","8"
781086078,"fradamar",NA,NA,"5","2","18","-13","0","0","5"
781086078,"The Truth 12(G)",NA,NA,"4","0","18","-14","0","0","4"
781086424,"xXxp0intaXxX",NA,NA,"15","1","4","+11","0","0","15"
781086424,"The Truth 12",NA,NA,"7","2","4","+3","0","0","7"
781086424,"The Truth 12(G)",NA,NA,"4","0","3","+1","0","0","5"
781086424,"rush 454",NA,NA,"3","2","5","-2","0","0","3"
781086424,"two belly",NA,NA,"3","2","4","-1","0","0","3"
781086424,"TitanicGhost",NA,NA,"2","1","4","-2","0","0","2"
781086424,"bsrodeo720japan",NA,NA,"1","2","6","-5","0","0","1"
781086424,"LocoDr Voodoo",NA,NA,"0","3","5","-5","0","0","0"
781085904,"KillaChaos24",NA,NA,"25","4","11","+14","0","0","25"
781085904,"two belly",NA,NA,"16","5","12","+4","0","0","16"
781085904,"The Truth 12",NA,NA,"15","6","20","-5","0","0","15"
781085904,"WetDonut",NA,NA,"16","6","16","0","0","0","15"
781085904,"fieldy olsen",NA,NA,"14","6","17","-3","0","0","13"
781085904,"The Truth 12(G)",NA,NA,"12","2","17","-5","0","0","11"
781085904,"DAMO SAM",NA,NA,"10","8","11","-1","0","0","10"
781085904,"fieldy olsen(G)",NA,NA,"8","2","15","-7","0","0","8"
781085792,"FancifulSlinky",NA,NA,"25","6","12","+13","0","0","25"
781085792,"Master Krusher",NA,NA,"23","7","11","+12","0","0","23"
781085792,"xx ONETHREE xx",NA,NA,"12","5","17","-5","0","0","12"
781085792,"two belly",NA,NA,"11","3","11","0","0","0","11"
781085792,"WT101",NA,NA,"11","2","11","0","0","0","11"
781085792,"The Truth 12",NA,NA,"10","1","14","-4","0","0","10"
781085792,"CopyDoc",NA,NA,"10","6","12","-2","0","0","9"
781085792,"The Truth 12(G)",NA,NA,"5","9","20","-15","0","0","5"
781085723,"Don Johnson007",NA,NA,"22","9","16","+6","0","0","22"
781085723,"The Truth 12",NA,NA,"19","6","8","+11","0","0","19"
781085723,"WT101",NA,NA,"17","7","19","-2","0","0","17"
781085723,"The Truth 12(G)",NA,NA,"17","6","17","0","0","0","17"
781085723,"NaTeBaLl",NA,NA,"15","6","16","-1","0","0","15"
781085723,"Don Johnson007(G)",NA,NA,"13","7","16","-3","0","0","13"
781085723,"NaTeBaLl(G)",NA,NA,"8","2","19","-11","0","0","8"
781085615,"The Truth 12",NA,NA,"25","3","12","+13","0","0","25"
781085615,"WT101",NA,NA,"21","7","18","+3","0","0","21"
781085615,"Don Johnson007",NA,NA,"19","5","17","+2","0","0","18"
781085615,"The Truth 12(G)",NA,NA,"17","2","17","0","0","0","17"
781085615,"NaTeBaLl",NA,NA,"16","5","17","-1","0","0","16"
781085615,"Don Johnson007(G)",NA,NA,"10","5","17","-7","0","0","10"
781085615,"NaTeBaLl(G)",NA,NA,"7","2","16","-9","0","0","7"
781085615,"xDarknestx",NA,NA,"2","1","4","-2","0","0","2"
781085534,"lemmewinx",NA,NA,"25","2","7","+18","0","0","25"
781085534,"BIG EAST BIZ",NA,NA,"10","0","8","+2","0","0","10"
781085534,"The Truth 12",NA,NA,"9","2","7","+2","0","0","9"
781085534,"Phermata",NA,NA,"7","1","8","-1","0","0","7"
781085534,"The Truth 12(G)",NA,NA,"5","1","8","-3","0","0","5"
781085534,"heglex",NA,NA,"4","2","7","-3","0","0","4"
781085534,"BIG EAST BIZ(G)",NA,NA,"1","3","8","-7","0","0","1"
781085534,"heglex(G)",NA,NA,"0","2","8","-8","0","0","0"
766876540,"SiN Nasty","24","Red Team","22","5","6","+16","0","0","21"
766876540,"Jon Stopable","24","Red Team","13","3","11","+2","0","0","13"
766876540,"SiN Trance","24","Red Team","10","0","3","+7","0","0","10"
766876540,"IK O IR IN","24","Red Team","6","6","12","-6","0","0","6"
766876540,"The Truth 12","24","Blue Team","11","3","10","+1","0","0","11"
766876540,"Stoneware","24","Blue Team","9","4","15","-6","0","0","9"
766876540,"Sam Jev","24","Blue Team","7","2","9","-2","0","0","7"
766876540,"NeckFaceKilla","24","Blue Team","4","3","17","-13","0","0","4"
766871161,"Sam Jev","22","Red Team","19","3","7","+12","0","0","19"
766871161,"PWNDAY","22","Red Team","14","4","12","+2","0","0","14"
766871161,"AKA xViperWolfx","22","Red Team","12","5","13","-1","0","0","12"
766871161,"The Truth 12","22","Red Team","5","1","7","-2","0","0","5"
766871161,"PETRONIGHTMARE","22","Blue Team","14","5","15","-1","0","0","14"
766871161,"x CrUsH x 713","22","Blue Team","11","3","11","0","0","0","11"
766871161,"l Echo Sniper","22","Blue Team","9","4","11","-2","0","0","9"
766871161,"zach079","22","Blue Team","5","5","13","-8","0","0","5"
766863142,"IHR KuScH 3309","21","Red Team","24","1","10","+14","0","0","24"
766863142,"SwampyThe Gamer","21","Red Team","12","6","16","-4","0","0","12"
766863142,"Nsain HOSS","21","Red Team","8","7","12","-4","0","0","8"
766863142,"MM Pwned u","21","Red Team","6","3","12","-6","0","0","6"
766863142,"Sam Jev","21","Blue Team","15","7","12","+3","0","0","15"
766863142,"Bonobo Wisdom","21","Blue Team","14","5","16","-2","0","0","14"
766863142,"The Truth 12","21","Blue Team","12","5","12","0","0","0","11"
766863142,"rehabbasterd10","21","Blue Team","9","2","11","-2","0","0","9"
766858898,"KILLASKANE","20","Red Team","17","5","8","+9","0","0","17"
766858898,"moose gock","20","Red Team","14","8","9","+5","0","0","14"
766858898,"P TiZz33","20","Red Team","12","9","8","+4","0","0","12"
766858898,"ViCho 19PF","20","Red Team","7","5","5","+2","0","0","7"
766858898,"Sam Jev","20","Blue Team","11","3","7","+4","0","0","11"
766858898,"HipNo Cheese","20","Blue Team","9","4","16","-7","0","0","9"
766858898,"RaneDr0p","20","Blue Team","6","7","14","-8","0","0","6"
766858898,"The Truth 12","20","Blue Team","4","3","13","-9","0","0","4"
766854199,"l SpaZz I","22","Blue Team","19","8","13","+6","0","0","19"
766854199,"jnormbadfly4455","22","Blue Team","12","4","16","-4","0","0","12"
766854199,"The Truth 12","22","Blue Team","10","5","14","-4","0","0","10"
766854199,"Sam Jev","22","Blue Team","9","3","6","+3","0","0","9"
766854199,"WWWWWWMWWMWWMWW","22","Red Team","18","6","13","+5","0","0","18"
766854199,"AK Toadz","22","Red Team","11","6","10","+1","0","0","11"
766854199,"BlownPixie","22","Red Team","11","12","13","-2","0","0","11"
766854199,"x MLG H a r a S","22","Red Team","8","8","14","-6","0","0","8"
766850241,"MrPrieg","21","Red Team","16","8","9","+7","0","0","16"
766850241,"KSI SuPeR MaRi0","21","Red Team","13","8","8","+5","0","0","12"
766850241,"BATTLEBOY785","21","Red Team","12","4","8","+4","0","0","12"
766850241,"KSI H00DST4R","21","Red Team","10","11","13","-3","0","0","10"
766850241,"BE LIKE BMAN","21","Blue Team","13","7","17","-4","0","0","12"
766850241,"The Truth 12","21","Blue Team","9","3","10","-1","0","0","9"
766850241,"Sam Jev","21","Blue Team","7","4","10","-3","0","0","7"
766850241,"gangstaJim","21","Blue Team","8","12","16","-8","0","0","7"
766845929,"player5592002","23","Blue Team","17","7","4","+13","0","0","16"
766845929,"xCROSSF1RE v2 x","23","Blue Team","16","6","13","+3","0","0","16"
766845929,"CptnCheepo","23","Blue Team","14","8","7","+7","0","0","14"
766845929,"pLtN xOrion","23","Blue Team","4","8","8","-4","0","0","4"
766845929,"Sam Jev","23","Red Team","8","8","12","-4","0","0","8"
766845929,"Malhiem","23","Red Team","9","3","11","-2","0","0","8"
766845929,"plincipali","23","Red Team","7","5","13","-6","0","0","7"
766845929,"The Truth 12","23","Red Team","7","2","16","-9","0","0","7"
766842667,"Taqwa","17","Blue Team","13","1","9","+4","0","0","12"
766842667,"Sam Jev","17","Blue Team","10","1","6","+4","0","0","9"
766842667,"Cheetoh90","17","Blue Team","7","2","13","-6","0","0","6"
766842667,"The Truth 12","17","Blue Team","5","0","7","-2","0","0","4"
766842667,"vigilantk","17","Red Team","11","1","11","0","0","0","11"
766842667,"A StupaShifa","17","Red Team","8","1","9","-1","0","0","8"
766842667,"Monkey Nuts89","17","Red Team","9","0","8","+1","0","0","8"
766842667,"Rolling sneaks","17","Red Team","3","2","9","-6","0","0","2"
766837310,"C181 VALE","20","Red Team","24","2","5","+19","0","0","24"
766837310,"C181 JETTA","20","Red Team","11","3","14","-3","0","0","11"
766837310,"C181 EPSILON","20","Red Team","9","0","14","-5","0","0","9"
766837310,"C181 TETA","20","Red Team","6","1","10","-4","0","0","6"
766837310,"D34D 51L3NT","20","Blue Team","16","1","15","+1","0","0","16"
766837310,"Sam Jev","20","Blue Team","12","0","7","+5","0","0","12"
766837310,"GroovyKraz","20","Blue Team","8","0","17","-9","0","0","8"
766837310,"The Truth 12","20","Blue Team","7","0","11","-4","0","0","7"
766834298,"XxKurtCobain",NA,NA,"25","9","10","+15","0","0","25"
766834298,"Sam Jev",NA,NA,"16","3","10","+6","0","0","16"
766834298,"a LAZY SEiMANN",NA,NA,"16","6","16","0","0","0","16"
766834298,"Aliquails",NA,NA,"15","4","15","0","0","0","15"
766834298,"A PANKUS",NA,NA,"13","11","14","-1","0","0","13"
766834298,"Vok iZ FaTaL",NA,NA,"10","8","19","-9","0","0","9"
766834298,"The Truth 12",NA,NA,"7","8","18","-11","0","0","7"
766834298,"XxKurtCobain(G)",NA,NA,"5","5","6","-1","0","0","5"
766772353,"XxBeesxX","17","Blue Team","23","1","21","+2","0","0","22"
766772353,"Sam Jev","17","Blue Team","15","2","7","+8","0","0","15"
766772353,"Goldking90","17","Blue Team","8","3","14","-6","0","0","8"
766772353,"The Truth 12","17","Blue Team","5","0","6","-1","0","0","5"
766772353,"MR DIRK DIGGL3R","17","Red Team","18","2","13","+5","0","0","18"
766772353,"Shadownsk","17","Red Team","11","0","11","0","0","0","11"
766772353,"Marijuice","17","Red Team","10","2","11","-1","0","0","10"
766772353,"Nut Ranger","17","Red Team","8","2","16","-8","0","0","8"
766771201,"The Truth 12",NA,"Red Team","0","0","0","0","0","0","81"
766771201,"Sam Jev",NA,"Red Team","0","0","1","-1","0","0","0"
766775665,"Sam Jev",NA,NA,"0","0","0","0","0","0","0"
766775665,"The Truth 12",NA,NA,"0","0","0","0","0","0","0"
766014473,"RockinTheJoint",NA,NA,"25","6","13","+12","0","0","25"
766014473,"Sam Jev",NA,NA,"20","3","7","+13","0","0","20"
766014473,"Eltar Warrior",NA,NA,"14","3","17","-3","0","0","14"
766014473,"TRAXXASMN2",NA,NA,"12","6","18","-6","0","0","12"
766014473,"Rysthof",NA,NA,"12","8","19","-7","0","0","12"
766014473,"The Truth 12",NA,NA,"9","4","11","-2","0","0","9"
766014473,"koenig27",NA,NA,"7","8","14","-7","0","0","7"
766014473,"Joz3",NA,NA,"0","0","0","0","0","0","0"
766008455,"The Truth 12",NA,NA,"25","2","8","+17","0","0","25"
766008455,"Sam Jev",NA,NA,"23","5","10","+13","0","0","23"
766008455,"vo1ksracing420",NA,NA,"16","5","15","+1","0","0","16"
766008455,"VacuumDzNuts",NA,NA,"14","5","14","0","0","0","14"
766008455,"DragonKingx02",NA,NA,"5","3","15","-10","0","0","5"
766008455,"Xv V3ND3TTA vX",NA,NA,"4","2","9","-5","0","0","4"
766008455,"DragonKingx02(G)",NA,NA,"4","4","17","-13","0","0","4"
766008455,"ItsBagBag",NA,NA,"2","2","5","-3","0","0","2"
766000162,"Dodskull","23","Blue Team","18","2","5","+13","0","0","18"
766000162,"Sam Jev","23","Blue Team","14","1","3","+11","0","0","14"
766000162,"GUCCI HEINZ","23","Blue Team","11","3","4","+7","0","0","11"
766000162,"The Truth 12","23","Blue Team","7","1","11","-4","0","0","7"
766000162,"KUSHmastr420","23","Red Team","11","6","17","-6","0","0","11"
766000162,"o Rosemont o","23","Red Team","8","0","10","-2","0","0","8"
766000162,"legendofthekush","23","Red Team","4","3","14","-10","0","0","3"
766000162,"BushyTOO MUCH","23","Red Team","0","0","10","-10","0","0","0"
765993987,"a Rookie Ninja","17","Red Team","19","4","0","+19","0","0","19"
765993987,"codmonster","17","Red Team","11","4","11","0","0","0","11"
765993987,"reveille103","17","Red Team","8","0","1","+7","0","0","8"
765993987,"killjoy25","17","Red Team","5","0","4","+1","0","0","5"
765993987,"The Truth 12","17","Blue Team","5","1","9","-4","0","0","5"
765993987,"Jamote88","17","Blue Team","4","1","13","-9","0","0","4"
765993987,"Sam Jev","17","Blue Team","4","1","7","-3","0","0","4"
765993987,"xDuMb fReShx","17","Blue Team","2","1","14","-12","0","0","2"
765986203,"halowizard7","13","Red Team","20","0","11","+9","0","0","20"
765986203,"Sam Jev","13","Red Team","14","2","9","+5","0","0","14"
765986203,"The Truth 12","13","Red Team","10","1","6","+4","0","0","10"
765986203,"HiJacKs a Noob","13","Red Team","6","4","12","-6","0","0","6"
765986203,"Alesokea Again","13","Blue Team","20","1","15","+5","0","0","20"
765986203,"darkness skull","13","Blue Team","8","0","13","-5","0","0","8"
765986203,"Joe4Show","13","Blue Team","6","3","12","-6","0","0","6"
765986203,"MorningPractice","13","Blue Team","4","0","10","-6","0","0","4"
765981210,"The Truth 12","14","Red Team","15","1","8","+7","0","0","15"
765981210,"darkness skull","14","Red Team","14","2","21","-7","0","0","14"
765981210,"Sam Jev","14","Red Team","11","2","6","+5","0","0","11"
765981210,"GaNgStA B KiLLa","14","Red Team","10","1","13","-3","0","0","10"
765981210,"I Sgt Pepper 1","14","Blue Team","18","1","11","+7","0","0","17"
765981210,"TFxScubaSteve","14","Blue Team","15","0","11","+4","0","0","15"
765981210,"unkindblackout1","14","Blue Team","13","0","12","+1","0","0","13"
765981210,"AshSpartan530","14","Blue Team","2","1","17","-15","0","0","2"
765975908,"Sam Jev",NA,"Blue Team","19","4","8","+11","0","0","18"
765975908,"CYB0RG NlNJA",NA,"Blue Team","18","2","10","+8","0","0","18"
765975908,"The Truth 12",NA,"Blue Team","9","1","10","-1","0","0","9"
765975908,"THEBEAM05",NA,"Blue Team","5","4","13","-8","0","0","5"
765975908,"VpGtD",NA,"Red Team","14","2","12","+2","0","0","14"
765975908,"SPRINGBUKS",NA,"Red Team","14","2","18","-4","0","0","13"
765975908,"HEYItSgREg",NA,"Red Team","10","2","12","-2","0","0","10"
765975908,"xCh12oME SHo7x",NA,"Red Team","2","0","10","-8","0","0","2"
765884247,"x DODI FRESH x","27","Red Team","21","4","8","+13","0","0","21"
765884247,"darkrider be","27","Red Team","13","2","10","+3","0","0","13"
765884247,"Nasmatic02","27","Red Team","3","5","16","-13","0","0","3"
765884247,"Sam Jev","27","Blue Team","15","3","11","+4","0","0","15"
765884247,"Str8 Killalot","27","Blue Team","11","8","14","-3","0","0","11"
765884247,"The Truth 12","27","Blue Team","8","4","12","-4","0","0","8"
765882779,"Str8 Killalot","22","Blue Team","16","4","5","+11","0","0","16"
765882779,"Brown BellHead","22","Blue Team","15","6","13","+2","0","0","15"
765882779,"Still DaZeD","22","Blue Team","13","5","12","+1","0","0","13"
765882779,"MANAFEST REIGNS","22","Blue Team","6","6","14","-8","0","0","6"
765882779,"Sam Jev","22","Red Team","15","5","9","+6","0","0","15"
765882779,"KOBRAKOMMANDER1","22","Red Team","14","3","12","+2","0","0","14"
765882779,"The Truth 12","22","Red Team","8","2","10","-2","0","0","8"
765882779,"Th3 956 FAT3L","22","Red Team","7","4","19","-12","0","0","7"
765881460,"EL KUHBREEGO","25","Red Team","18","3","10","+8","0","0","17"
765881460,"X OprahzMinge X","25","Red Team","13","2","4","+9","0","0","13"
765881460,"Mr Bither","25","Red Team","15","5","18","-3","0","0","13"
765881460,"Templer Nite","25","Red Team","7","5","13","-6","0","0","7"
765881460,"Sam Jev","25","Blue Team","17","3","17","0","0","0","17"
765881460,"The Truth 12","25","Blue Team","15","4","20","-5","0","0","15"
765881460,"xX Sc0tt D Xx","25","Blue Team","9","6","9","0","0","0","9"
765881460,"xxTreefittYxx","25","Blue Team","1","3","7","-6","0","0","1"
765880149,"BB Bullets","23","Red Team","20","1","10","+10","0","0","20"
765880149,"Youre1uglymuvva","23","Red Team","13","3","13","0","0","0","13"
765880149,"The Truth 12","23","Red Team","9","5","13","-4","0","0","9"
765880149,"Sam Jev","23","Red Team","8","2","8","0","0","0","8"
765880149,"Daniel Gigantic","23","Blue Team","16","3","13","+3","0","0","16"
765880149,"xRaNdaLL 808x","23","Blue Team","11","3","8","+3","0","0","11"
765880149,"djcraig1084","23","Blue Team","10","8","18","-8","0","0","10"
765880149,"PILLOWPANTS6988","23","Blue Team","7","3","11","-4","0","0","7"
765879376,"JimiJame5","26","Red Team","19","7","11","+8","0","0","19"
765879376,"SK8 210420","26","Red Team","18","9","12","+6","0","0","18"
765879376,"Sam Jev","26","Red Team","7","9","6","+1","0","0","7"
765879376,"The Truth 12","26","Red Team","6","7","11","-5","0","0","6"
765879376,"Kaiser1384","26","Blue Team","16","4","13","+3","0","0","16"
765879376,"Yur Grama","26","Blue Team","10","4","15","-5","0","0","10"
765879376,"xF BayArea","26","Blue Team","8","6","12","-4","0","0","8"
765879376,"TKINHDeth","26","Blue Team","6","4","10","-4","0","0","6"
765878371,"SplayBADMAN","22","Blue Team","19","6","10","+9","0","0","19"
765878371,"Nitroglicerina","22","Blue Team","13","5","12","+1","0","0","13"
765878371,"DARTH PYRIEL","22","Blue Team","12","5","10","+2","0","0","12"
765878371,"BARN NINJA","22","Blue Team","6","9","14","-8","0","0","6"
765878371,"Sam Jev","22","Red Team","16","7","9","+7","0","0","16"
765878371,"Spartan IV 179","22","Red Team","13","4","14","-1","0","0","12"
765878371,"The Truth 12","22","Red Team","9","7","11","-2","0","0","9"
765878371,"Its Bloom","22","Red Team","8","7","17","-9","0","0","8"
765877612,"Jmiah420","25","Red Team","19","3","10","+9","0","0","19"
765877612,"HC DeadlySniper","25","Red Team","18","3","13","+5","0","0","18"
765877612,"YM Weezy F Baby","25","Red Team","13","6","12","+1","0","0","13"
765877612,"Sam Jev","25","Blue Team","13","5","11","+2","0","0","13"
765877612,"The Truth 12","25","Blue Team","11","3","16","-5","0","0","11"
765877612,"klodeckel","25","Blue Team","11","6","24","-13","0","0","10"
765876877,"Sencere","23","Red Team","14","6","8","+6","0","0","14"
765876877,"woutyz010","23","Red Team","14","3","10","+4","0","0","14"
765876877,"danger NLA","23","Red Team","11","5","13","-2","0","0","11"
765876877,"Spartaan NLD","23","Red Team","9","9","8","+1","0","0","9"
765876877,"SS AcidRain SS","23","Blue Team","15","3","15","0","0","0","15"
765876877,"Sam Jev","23","Blue Team","9","6","5","+4","0","0","9"
765876877,"SOLDIER LOS","23","Blue Team","8","7","14","-6","0","0","8"
765876877,"The Truth 12","23","Blue Team","7","7","14","-7","0","0","7"
765875882,"II B 0 0 N II","19","Red Team","16","0","10","+6","0","0","16"
765875882,"N a T H a N II","19","Red Team","15","2","15","0","0","0","15"
765875882,"silistus","19","Red Team","10","2","9","+1","0","0","10"
765875882,"II Charma II","19","Red Team","9","1","12","-3","0","0","9"
765875882,"MassiveMonkie","19","Blue Team","17","1","17","0","0","0","17"
765875882,"Sam Jev","19","Blue Team","15","4","10","+5","0","0","15"
765875882,"Koopa mmmmwmmmm","19","Blue Team","10","3","13","-3","0","0","10"
765875882,"The Truth 12","19","Blue Team","4","2","10","-6","0","0","4"
765875261,"The Truth 12",NA,NA,"1","0","0","+1","0","0","1"
765875261,"Sam Jev",NA,NA,"0","0","1","-1","0","0","0"
765518047,"Sam Jev",NA,NA,"25","4","9","+16","0","0","25"
765518047,"Obese Panda93",NA,NA,"21","3","14","+7","0","0","21"
765518047,"Sunkist Gobbler",NA,NA,"13","1","10","+3","0","0","13"
765518047,"DUECE 502",NA,NA,"10","4","15","-5","0","0","10"
765518047,"peepzcon",NA,NA,"10","8","10","0","0","0","10"
765518047,"The Truth 12",NA,NA,"8","6","10","-2","0","0","8"
765518047,"osvaldolo",NA,NA,"7","3","14","-7","0","0","7"
765518047,"DUECE 502(G)",NA,NA,"3","5","15","-12","0","0","3"
765505614,"InvisibleBobcat","24","Blue Team","18","9","13","+5","0","0","18"
765505614,"x Xenocity","24","Blue Team","12","9","14","-2","0","0","12"
765505614,"The Truth 12","24","Blue Team","11","3","12","-1","0","0","11"
765505614,"Sam Jev","24","Blue Team","9","6","10","-1","0","0","9"
765505614,"pwn call itz 4u","24","Red Team","20","5","13","+7","0","0","20"
765505614,"CrazY K4rL","24","Red Team","11","7","8","+3","0","0","11"
765505614,"lxl cHa0tIc lxl","24","Red Team","10","3","14","-4","0","0","10"
765505614,"CrimsonTide44","24","Red Team","8","5","15","-7","0","0","8"
765499835,"KSI FIGGS TK","22","Blue Team","17","3","10","+7","0","0","17"
765499835,"Venejala","22","Blue Team","12","7","5","+7","0","0","12"
765499835,"EyeVn","22","Blue Team","11","3","7","+4","0","0","11"
765499835,"Str8t S1appin","22","Blue Team","10","6","7","+3","0","0","10"
765499835,"Sam Jev","22","Red Team","12","3","13","-1","0","0","12"
765499835,"The Truth 12","22","Red Team","8","4","15","-7","0","0","8"
765499835,"Tu Abuela","22","Red Team","7","4","16","-9","0","0","7"
765499835,"BDJ Killz","22","Red Team","2","1","6","-4","0","0","2"
765496452,"Sam Jev","23","Red Team","11","2","8","+3","0","0","11"
765496452,"KC1515","23","Red Team","10","2","14","-4","0","0","10"
765496452,"The Truth 12","23","Red Team","10","1","9","+1","0","0","10"
765496452,"murKer","23","Red Team","0","0","0","0","0","0","0"
765496452,"Rubberpoo","23","Blue Team","12","2","4","+8","0","0","12"
765496452,"BOOSKERBERRY420","23","Blue Team","9","3","7","+2","0","0","9"
765496452,"gigs5189","23","Blue Team","6","4","10","-4","0","0","6"
765496452,"Joe F SUCKS","23","Blue Team","4","5","10","-6","0","0","4"
765491429,"Rubberpoo","21","Red Team","17","3","14","+3","0","0","17"
765491429,"One Paladin","21","Red Team","17","5","11","+6","0","0","16"
765491429,"Sam Jev","21","Red Team","11","6","9","+2","0","0","11"
765491429,"The Truth 12","21","Red Team","6","8","11","-5","0","0","6"
765491429,"I DEPREDADOR I","21","Blue Team","16","7","15","+1","0","0","16"
765491429,"ULISES ACX 170","21","Blue Team","14","3","15","-1","0","0","14"
765491429,"RyuMagoo","21","Blue Team","8","1","10","-2","0","0","8"
765491429,"Sencere","21","Blue Team","6","3","12","-6","0","0","5"
765487812,"xxx W3AP0N xxx","19","Red Team","12","2","11","+1","0","0","12"
765487812,"MLG CLEAN SHOT","19","Red Team","11","3","10","+1","0","0","11"
765487812,"MLG Dirty Shot","19","Red Team","10","1","5","+5","0","0","10"
765487812,"xFTBx Snoopy","19","Red Team","7","4","8","-1","0","0","7"
765487812,"C DIRTY 615","19","Blue Team","22","0","11","+11","0","0","22"
765487812,"Sam Jev","19","Blue Team","6","0","13","-7","0","0","6"
765487812,"The Truth 12","19","Blue Team","3","1","10","-7","0","0","3"
765487812,"SprogliditeDX","19","Blue Team","3","0","6","-3","0","0","3"
765483609,"MoG Goofie","20","Red Team","19","1","8","+11","0","0","19"
765483609,"JABRONIBERGER","20","Red Team","12","0","9","+3","0","0","12"
765483609,"MoG HeRsh PeRsh","20","Red Team","10","2","7","+3","0","0","10"
765483609,"MoG LL cool D","20","Red Team","4","1","11","-7","0","0","4"
765483609,"o OldGreg o","20","Blue Team","14","0","13","+1","0","0","14"
765483609,"TFS Peanut","20","Blue Team","11","0","21","-10","0","0","11"
765483609,"Sam Jev","20","Blue Team","5","0","4","+1","0","0","5"
765483609,"The Truth 12","20","Blue Team","5","2","7","-2","0","0","5"
765479981,"TTL Diddy","18","Red Team","24","1","7","+17","0","0","23"
765479981,"P00DLEMAN","18","Red Team","13","2","8","+5","0","0","13"
765479981,"King Killster","18","Red Team","7","1","9","-2","0","0","7"
765479981,"dkb31","18","Red Team","7","0","12","-5","0","0","7"
765479981,"The Truth 12","18","Blue Team","13","1","10","+3","0","0","13"
765479981,"Sam Jev","18","Blue Team","11","3","13","-2","0","0","11"
765479981,"KNUFFIK","18","Blue Team","6","2","15","-9","0","0","6"
765479981,"aDayToRem3mberX","18","Blue Team","5","1","13","-8","0","0","5"
765477478,"Orange Crush O7","19","Red Team","19","3","15","+4","0","0","18"
765477478,"i3oxTrtle","19","Red Team","11","1","10","+1","0","0","11"
765477478,"o h0t r0d o","19","Red Team","11","2","10","+1","0","0","10"
765477478,"Rotten Sushi","19","Red Team","5","1","6","-1","0","0","5"
765477478,"Sam Jev","19","Blue Team","21","1","14","+7","0","0","21"
765477478,"sayegh1","19","Blue Team","6","0","13","-7","0","0","6"
765477478,"xX In Ya FaCe","19","Blue Team","6","0","6","0","0","0","6"
765477478,"The Truth 12","19","Blue Team","6","2","13","-7","0","0","6"
764898407,"what the fudd21","24","Red Team","16","2","5","+11","0","0","16"
764898407,"AoD ExiledSoul","24","Red Team","13","4","9","+4","0","0","13"
764898407,"EatMyBoostd350z","24","Red Team","11","8","7","+4","0","0","11"
764898407,"R1chardCranium","24","Red Team","9","7","11","-2","0","0","9"
764898407,"Sam Jev","24","Blue Team","15","1","8","+7","0","0","15"
764898407,"PRMAN0LO","24","Blue Team","7","5","14","-7","0","0","7"
764898407,"Chuck Trooper","24","Blue Team","5","5","12","-7","0","0","5"
764898407,"The Truth 12","24","Blue Team","5","3","15","-10","0","0","5"
764849834,"xXxSIXCLIENTxXx","4","Blue Team","16","5","7","+9","0","0","16"
764849834,"OurBaByChieF","4","Blue Team","14","5","7","+7","0","0","14"
764849834,"Sam Jev","4","Red Team","10","3","13","-3","0","0","10"
764849834,"The Truth 12","4","Red Team","4","5","17","-13","0","0","4"
764843924,"Sam Jev","4","Blue Team","8","3","4","+4","0","0","2"
764843924,"The Truth 12","4","Blue Team","11","5","5","+6","0","0","1"
764843924,"Henmag","4","Red Team","3","2","7","-4","0","0","0"
764843924,"Xeraphilian","4","Red Team","6","0","12","-6","0","0","0"
764839570,"PowerMASTER X","15","Blue Team","18","1","12","+6","0","0","18"
764839570,"KillaWasiaN","15","Blue Team","9","0","8","+1","0","0","9"
764839570,"dragon lover","15","Blue Team","4","2","7","-3","0","0","4"
764839570,"musicchick","15","Blue Team","0","0","1","-1","0","0","0"
764839570,"flippant88","15","Red Team","8","3","12","-4","0","0","8"
764839570,"Sam Jev","15","Red Team","8","1","5","+3","0","0","8"
764839570,"The Truth 12","15","Red Team","6","1","3","+3","0","0","6"
764839570,"Give3mHellKid69","15","Red Team","6","3","11","-5","0","0","6"
764829822,"Chad782","11","Red Team","11","2","5","+6","0","0","1"
764829822,"Sam Jev","11","Red Team","8","2","4","+4","0","0","1"
764829822,"The Truth 12","11","Red Team","2","5","5","-3","0","0","1"
764829822,"MR special 22","11","Blue Team","6","1","5","+1","0","0","0"
764829822,"A TurkK","11","Blue Team","2","2","7","-5","0","0","0"
764829822,"ILLxMAKExUxQUIT","11","Blue Team","6","1","9","-3","0","0","0"
759617970,"Sam Jev","23","Blue Team","22","2","5","+17","0","0","21"
759617970,"senorfantastico","23","Blue Team","12","3","16","-4","0","0","12"
759617970,"o0 FrosTByt3 0o","23","Blue Team","9","7","10","-1","0","0","9"
759617970,"The Truth 12","23","Blue Team","8","1","13","-5","0","0","8"
759617970,"CheeseFarmer92","23","Red Team","16","2","10","+6","0","0","16"
759617970,"HyperPred","23","Red Team","14","3","15","-1","0","0","14"
759617970,"JB219","23","Red Team","8","1","14","-6","0","0","7"
759617970,"xLRGxFLiP NASTy","23","Red Team","5","3","12","-7","0","0","5"
759615880,"Sam Jev","20","Red Team","14","0","9","+5","0","0","14"
759615880,"AA SPARTAN3000","20","Red Team","14","2","11","+3","0","0","14"
759615880,"The Truth 12","20","Red Team","9","1","7","+2","0","0","9"
759615880,"i The Doosra i","20","Blue Team","14","0","21","-7","0","0","14"
759615880,"Jrredman","20","Blue Team","13","2","14","-1","0","0","13"
759615880,"Buttems","20","Blue Team","0","1","2","-2","0","0","0"
759246511,"Sam Jev","22","Red Team","16","3","7","+9","0","0","16"
759246511,"x LewMunK x","22","Red Team","12","8","11","+1","0","0","12"
759246511,"Jeff12630","22","Red Team","11","6","9","+2","0","0","11"
759246511,"The Truth 12","22","Red Team","11","2","4","+7","0","0","11"
759246511,"GimmeTheJaro","22","Blue Team","14","4","14","0","0","0","14"
759246511,"STONEDGUNNER 3","22","Blue Team","11","4","14","-3","0","0","11"
759246511,"TSU lacrosse","22","Blue Team","4","5","16","-12","0","0","4"
759246511,"GrimROLLINHARD","22","Blue Team","2","3","6","-4","0","0","2"
759241412,"Sam Jev","22","Blue Team","18","7","12","+6","0","0","18"
759241412,"The Truth 12","22","Blue Team","11","9","8","+3","0","0","11"
759241412,"Jeff12630","22","Blue Team","9","11","12","-3","0","0","9"
759241412,"PumpkinDonkey","22","Blue Team","0","0","1","-1","0","0","0"
759241412,"complexty","22","Red Team","16","5","9","+7","0","0","15"
759241412,"xSmKdx FLATLIN3","22","Red Team","12","5","14","-2","0","0","12"
759241412,"I Nasty Style I","22","Red Team","4","8","5","-1","0","0","4"
759241412,"MachineMadeGod","22","Red Team","1","5","11","-10","0","0","1"
759235108,"Jeff12630","22","Red Team","14","0","0","+14","0","0","14"
759235108,"I Slang Rock","22","Red Team","14","0","16","-2","0","0","14"
759235108,"The Truth 12","22","Red Team","11","1","8","+3","0","0","11"
759235108,"Sam Jev","22","Red Team","11","4","12","-1","0","0","11"
759235108,"NPxLacrosse","22","Blue Team","13","1","10","+3","0","0","13"
759235108,"sF XxKarmAxX","22","Blue Team","9","3","15","-6","0","0","9"
759235108,"bI4ckj4ck","22","Blue Team","8","9","10","-2","0","0","8"
759235108,"Almost Death","22","Blue Team","6","5","15","-9","0","0","6"
759229805,"Sam Jev","22","Red Team","19","3","1","+18","0","0","19"
759229805,"Jeff12630","22","Red Team","10","4","9","+1","0","0","10"
759229805,"The Truth 12","22","Red Team","6","5","7","-1","0","0","6"
759229805,"BUYBULK420","22","Red Team","1","5","3","-2","0","0","1"
759229805,"DoddsyGB","22","Blue Team","11","2","20","-9","0","0","11"
759229805,"Novumber eel","22","Blue Team","9","4","11","-2","0","0","9"
759229805,"The Big Shrimp","22","Blue Team","0","1","2","-2","0","0","0"
759229805,"PolishCornChips","22","Blue Team","0","1","3","-3","0","0","0"
759222912,"OOX ALLEN","19","Blue Team","21","6","21","0","0","0","21"
759222912,"riit","19","Blue Team","16","5","6","+10","0","0","16"
759222912,"Death Wish0","19","Blue Team","15","4","19","-4","0","0","13"
759222912,"optimus park","19","Blue Team","0","3","6","-6","0","0","0"
759222912,"Sam Jev","19","Red Team","15","7","12","+3","0","0","15"
759222912,"Jeff12630","19","Red Team","15","5","15","0","0","0","14"
759222912,"The Truth 12","19","Red Team","11","6","11","0","0","0","11"
759222912,"gov64","19","Red Team","9","7","15","-6","0","0","9"
759217090,"simong0tya","17","Blue Team","15","0","14","+1","0","0","15"
759217090,"Chris B Creme","17","Blue Team","12","1","19","-7","0","0","12"
759217090,"Sam Jev","17","Blue Team","8","0","2","+6","0","0","8"
759217090,"The Truth 12","17","Blue Team","6","0","6","0","0","0","6"
759217090,"X2pHat4yOuX","17","Red Team","20","0","10","+10","0","0","20"
759217090,"yo74","17","Red Team","13","1","10","+3","0","0","12"
759217090,"EnergieTerreur","17","Red Team","7","4","15","-8","0","0","7"
759217090,"oOo KINOU oOo","17","Red Team","1","1","7","-6","0","0","1"
759210418,"yr4","9","Red Team","1","3","6","-5","0","0","3"
759210418,"xXUnExpLaiNeDXx","9","Red Team","6","4","4","+2","0","0","1"
759210418,"YrX","9","Red Team","4","2","6","-2","0","0","1"
759210418,"BD Shocker","9","Red Team","13","0","5","+8","0","0","0"
759210418,"Dominno17","9","Blue Team","4","0","10","-6","0","0","0"
759210418,"Biodiesel12","9","Blue Team","2","0","3","-1","0","0","0"
759210418,"Sam Jev","9","Blue Team","10","1","5","+5","0","0","0"
759210418,"The Truth 12","9","Blue Team","5","1","7","-2","0","0","0"
